app_id,title,developer,genre,genre_id,score,ratings_count,reviews_count,installs,min_installs,real_installs,free,price,currency,contains_ads,in_app_purchase,released,content_rating,url,updated
com.king.candycrushsaga,Candy Crush Saga,King,Casual,GAME_CASUAL,4.6268353,38939374.0,2094860.0,"1,000,000,000+",1000000000,2261402010,True,0.0,USD,True,True,"Nov 15, 2012",Everyone,https://play.google.com/store/apps/details?id=com.king.candycrushsaga&hl=en&gl=us,2026-05-28 10:13:45
com.moonactive.coinmaster,Coin Master,Moon Active,Casual,GAME_CASUAL,4.7513156,10382177.0,691073.0,"100,000,000+",100000000,345137646,True,0.0,USD,True,True,"Feb 4, 2016",Teen,https://play.google.com/store/apps/details?id=com.moonactive.coinmaster&hl=en&gl=us,2026-06-01 07:09:38
com.JindoBlu.OfflineGames,Offline Games - No Wifi Games,JindoBlu,Casual,GAME_CASUAL,4.6400676,457166.0,13820.0,"100,000,000+",100000000,192362829,True,0.0,USD,True,True,"Aug 4, 2023",Everyone,https://play.google.com/store/apps/details?id=com.JindoBlu.OfflineGames&hl=en&gl=us,2026-06-07 20:54:01
com.king.candycrushsodasaga,Candy Crush Soda Saga,King,Casual,GAME_CASUAL,4.578125,8874939.0,390688.0,"500,000,000+",500000000,616471412,True,0.0,USD,True,True,"Nov 11, 2014",Everyone,https://play.google.com/store/apps/details?id=com.king.candycrushsodasaga&hl=en&gl=us,2026-05-22 16:40:32
com.block.juggle,Block Blast!,HungryStudio,Puzzle,GAME_PUZZLE,4.820772,4769045.0,70652.0,"500,000,000+",500000000,969039804,True,0.0,USD,True,True,"Sep 23, 2022",Everyone,https://play.google.com/store/apps/details?id=com.block.juggle&hl=en&gl=us,2026-06-05 12:15:50
com.playrix.fishdomdd.gplay,Fishdom,Playrix,Puzzle,GAME_PUZZLE,4.6042867,6710330.0,294863.0,"100,000,000+",100000000,468012617,True,0.0,USD,False,True,"Mar 2, 2016",Everyone,https://play.google.com/store/apps/details?id=com.playrix.fishdomdd.gplay&hl=en&gl=us,2026-05-20 20:49:18
com.roblox.client,Roblox,Roblox Corporation,Adventure,GAME_ADVENTURE,4.185744,48790186.0,3639144.0,"1,000,000,000+",1000000000,1608856083,True,0.0,USD,False,True,"Jul 15, 2014",Teen,https://play.google.com/store/apps/details?id=com.roblox.client&hl=en&gl=us,2026-06-04 16:51:36
com.dreamgames.royalmatch,Royal Match,"Dream Games, Ltd.",Puzzle,GAME_PUZZLE,4.635291,10361197.0,98312.0,"100,000,000+",100000000,353510019,True,0.0,USD,False,True,"Feb 25, 2021",Everyone,https://play.google.com/store/apps/details?id=com.dreamgames.royalmatch&hl=en&gl=us,2026-06-05 15:11:46
com.miniclip.carrom,Carrom Pool: Disc Game,Miniclip.com,Sports,GAME_SPORTS,4.4832077,7658606.0,8006.0,"500,000,000+",500000000,620026930,True,0.0,USD,True,True,"Mar 26, 2019",Everyone,https://play.google.com/store/apps/details?id=com.miniclip.carrom&hl=en&gl=us,2026-05-28 14:59:51
com.merge.match3mystery,Mistfall Match: Design & Blast,"Flyyes, Inc.",Casual,GAME_CASUAL,4.821782,1659.0,58.0,"500,000+",500000,613127,True,0.0,USD,True,True,"Apr 15, 2026",Everyone 10+,https://play.google.com/store/apps/details?id=com.merge.match3mystery&hl=en&gl=us,2026-06-04 06:33:00
com.farlightgames.pgame.gp,Clash of Critters,FARLIGHT,Casual,GAME_CASUAL,4.515411,19016.0,2374.0,"1,000,000+",1000000,2183864,True,0.0,USD,False,True,"May 16, 2026",Everyone 10+,https://play.google.com/store/apps/details?id=com.farlightgames.pgame.gp&hl=en&gl=us,2026-06-02 07:17:47
com.superking.parchisi.star,Parchisi STAR Online,Gameberry Labs,Board,GAME_BOARD,4.682722,3267513.0,21985.0,"100,000,000+",100000000,163295301,True,0.0,USD,True,True,"Feb 17, 2017",Everyone,https://play.google.com/store/apps/details?id=com.superking.parchisi.star&hl=en&gl=us,2026-06-02 19:32:46
com.miniclip.eightballpool,8 Ball Pool,Miniclip.com,Sports,GAME_SPORTS,4.7959156,31373483.0,982872.0,"1,000,000,000+",1000000000,1312817791,True,0.0,USD,True,True,"Jan 23, 2013",Everyone,https://play.google.com/store/apps/details?id=com.miniclip.eightballpool&hl=en&gl=us,2026-06-01 15:21:07
com.wildspike.wormszone,Worms Zone .io - Hungry Snake,CASUAL AZUR GAMES,Action,GAME_ACTION,4.278161,3194190.0,7852.0,"500,000,000+",500000000,664562954,True,0.0,USD,True,True,"Apr 2, 2018",Everyone,https://play.google.com/store/apps/details?id=com.wildspike.wormszone&hl=en&gl=us,2026-06-03 10:19:24
find.out.hidden.objects.seek.puzzle.games.free,Find It Out® - Hidden Object,Guru Puzzle Game,Puzzle,GAME_PUZZLE,4.855531,383952.0,7091.0,"10,000,000+",10000000,42709303,True,0.0,USD,True,True,"Sep 2, 2022",Everyone,https://play.google.com/store/apps/details?id=find.out.hidden.objects.seek.puzzle.games.free&hl=en&gl=us,2026-06-04 02:51:48
com.rubygames.assassin,Hunter Assassin,Ruby Games AS,Action,GAME_ACTION,4.217198,4280634.0,32740.0,"500,000,000+",500000000,693862570,True,0.0,USD,True,True,"Oct 9, 2019",Everyone 10+,https://play.google.com/store/apps/details?id=com.rubygames.assassin&hl=en&gl=us,2026-05-21 12:14:08
com.king.candycrushjellysaga,Candy Crush Jelly Saga,King,Puzzle,GAME_PUZZLE,4.6342163,1802744.0,97435.0,"100,000,000+",100000000,148930637,True,0.0,USD,True,True,"Jan 6, 2016",Everyone,https://play.google.com/store/apps/details?id=com.king.candycrushjellysaga&hl=en&gl=us,2026-05-20 08:24:37
com.king.candycrush4,Candy Crush Friends Saga,King,Casual,GAME_CASUAL,4.67505,1961952.0,152301.0,"50,000,000+",50000000,87664041,True,0.0,USD,True,True,"Oct 10, 2018",Everyone,https://play.google.com/store/apps/details?id=com.king.candycrush4&hl=en&gl=us,2026-06-02 13:12:45
com.king.bubblewitch3,Bubble Witch 3 Saga,King,Puzzle,GAME_PUZZLE,4.6582313,2701703.0,166254.0,"100,000,000+",100000000,117976240,True,0.0,USD,True,True,"Jan 11, 2017",Everyone,https://play.google.com/store/apps/details?id=com.king.bubblewitch3&hl=en&gl=us,2026-05-27 08:44:41
com.vitastudio.mahjong,Vita Mahjong,Vita Studio.,Board,GAME_BOARD,4.782185,5450308.0,61878.0,"100,000,000+",100000000,337761305,True,0.0,USD,True,True,"Jan 9, 2024",Everyone,https://play.google.com/store/apps/details?id=com.vitastudio.mahjong&hl=en&gl=us,2026-06-05 12:49:30
com.yodo1.crossyroad,Crossy Road,HIPSTER WHALE,Action,GAME_ACTION,4.4568067,4571872.0,349555.0,"100,000,000+",100000000,177600599,True,0.0,USD,True,True,"Jan 7, 2015",Everyone,https://play.google.com/store/apps/details?id=com.yodo1.crossyroad&hl=en&gl=us,2026-06-04 01:32:58
com.firsttouchgames.dls7,Dream League Soccer 2026,First Touch Games Ltd.,Sports,GAME_SPORTS,4.445404,14036459.0,90800.0,"100,000,000+",100000000,430681040,True,0.0,USD,True,True,"Jan 14, 2020",Everyone,https://play.google.com/store/apps/details?id=com.firsttouchgames.dls7&hl=en&gl=us,2026-05-28 15:41:22
com.vincentb.MobControl,Mob Control,VOODOO,Arcade,GAME_ARCADE,4.3501735,909101.0,40468.0,"100,000,000+",100000000,258763634,True,0.0,USD,False,True,"Apr 29, 2021",Everyone,https://play.google.com/store/apps/details?id=com.vincentb.MobControl&hl=en&gl=us,2026-06-05 15:25:05
com.playrix.township,Township,Playrix,Casual,GAME_CASUAL,4.6939836,12690271.0,371102.0,"500,000,000+",500000000,503841372,True,0.0,USD,False,True,"Nov 8, 2013",Everyone,https://play.google.com/store/apps/details?id=com.playrix.township&hl=en&gl=us,2026-05-13 19:01:33
com.mediocre.smashhit,Smash Hit,Mediocre,Arcade,GAME_ARCADE,4.5248213,4666122.0,170012.0,"100,000,000+",100000000,206912663,True,0.0,USD,True,True,"Mar 5, 2014",Everyone,https://play.google.com/store/apps/details?id=com.mediocre.smashhit&hl=en&gl=us,2026-03-30 11:13:54
io.voodoo.holeio,Hole.io,VOODOO,Casual,GAME_CASUAL,2.9716988,1262014.0,133934.0,"100,000,000+",100000000,397493292,True,0.0,USD,True,True,"Jun 21, 2018",Teen,https://play.google.com/store/apps/details?id=io.voodoo.holeio&hl=en&gl=us,2026-06-02 14:57:08
com.superbox.aos.collecthole,Drop in the Hole,SUPERBOX Inc,Casual,GAME_CASUAL,4.52,184.0,8.0,"10,000+",10000,24587,True,0.0,USD,True,True,"Apr 12, 2026",Everyone,https://play.google.com/store/apps/details?id=com.superbox.aos.collecthole&hl=en&gl=us,2026-05-21 17:08:08
com.kitkagames.fallbuddies,Stumble Guys,Scopely,Action,GAME_ACTION,4.6281466,6707246.0,72928.0,"100,000,000+",100000000,469680856,True,0.0,USD,True,True,"Sep 24, 2020",Everyone,https://play.google.com/store/apps/details?id=com.kitkagames.fallbuddies&hl=en&gl=us,2026-06-02 09:59:24
com.JindoBlu.Antistress,Antistress - relaxation toys,JindoBlu,Puzzle,GAME_PUZZLE,4.711804,964238.0,24730.0,"100,000,000+",100000000,359072060,True,0.0,USD,True,True,"Nov 8, 2016",Everyone,https://play.google.com/store/apps/details?id=com.JindoBlu.Antistress&hl=en&gl=us,2026-05-21 10:18:07
com.playrix.homescapes,Homescapes,Playrix,Casual,GAME_CASUAL,4.727294,13303582.0,370362.0,"500,000,000+",500000000,516697580,True,0.0,USD,False,True,"Sep 19, 2017",Everyone,https://play.google.com/store/apps/details?id=com.playrix.homescapes&hl=en&gl=us,2026-06-02 17:42:58
com.rovio.baba,Angry Birds 2,Rovio Entertainment Oy,Casual,GAME_CASUAL,4.1044436,6300129.0,273753.0,"100,000,000+",100000000,339796807,True,0.0,USD,True,True,"Jul 23, 2015",Everyone,https://play.google.com/store/apps/details?id=com.rovio.baba&hl=en&gl=us,2026-05-25 10:31:18
com.mojang.minecraftpe,"Minecraft: Dream it, Build it!",Mojang,Arcade,GAME_ARCADE,4.3181057,5680480.0,632911.0,"50,000,000+",50000000,90145997,False,6.99,USD,False,True,"Aug 15, 2011",Everyone 10+,https://play.google.com/store/apps/details?id=com.mojang.minecraftpe&hl=en&gl=us,2026-05-21 16:37:56
bubbleshooter.orig,Bubble Shooter - Classic Pop,Bubble Shooter,Puzzle,GAME_PUZZLE,4.5867267,2340488.0,32261.0,"500,000,000+",500000000,516224507,True,0.0,USD,True,True,"Feb 27, 2013",Everyone,https://play.google.com/store/apps/details?id=bubbleshooter.orig&hl=en&gl=us,2026-05-19 13:37:43
com.WalkTalk.FlightMaster,Epic Plane Evolution,VOODOO,Action,GAME_ACTION,3.9838946,97280.0,6463.0,"10,000,000+",10000000,39458751,True,0.0,USD,False,True,"May 6, 2023",Everyone,https://play.google.com/store/apps/details?id=com.WalkTalk.FlightMaster&hl=en&gl=us,2026-05-28 16:11:14
com.dreamgames.royalkingdom,Royal Kingdom,"Dream Games, Ltd.",Puzzle,GAME_PUZZLE,4.5741496,2275489.0,24590.0,"50,000,000+",50000000,91595555,True,0.0,USD,False,True,"Nov 20, 2024",Everyone,https://play.google.com/store/apps/details?id=com.dreamgames.royalkingdom&hl=en&gl=us,2026-06-01 12:27:32
net.peakgames.toonblast,Toon Blast,Peak,Puzzle,GAME_PUZZLE,4.634036,4588135.0,390008.0,"100,000,000+",100000000,129984200,True,0.0,USD,True,True,"Aug 25, 2017",Everyone,https://play.google.com/store/apps/details?id=net.peakgames.toonblast&hl=en&gl=us,2026-06-05 14:25:05
com.zeptolab.ctr.ads,Cut the Rope,ZeptoLab,Puzzle,GAME_PUZZLE,4.4592757,2711917.0,94182.0,"100,000,000+",100000000,265378087,True,0.0,USD,True,True,"Mar 27, 2012",Everyone,https://play.google.com/store/apps/details?id=com.zeptolab.ctr.ads&hl=en&gl=us,2026-02-09 10:25:41
com.spinmaster.gabbysdollhouse,Gabbys Dollhouse: Games & Cats,Play Piknik,Educational,GAME_EDUCATIONAL,4.179439,30793.0,1214.0,"10,000,000+",10000000,36447389,True,0.0,USD,False,True,"Oct 7, 2020",Everyone,https://play.google.com/store/apps/details?id=com.spinmaster.gabbysdollhouse&hl=en&gl=us,2026-05-27 15:11:04
io.voodoo.paper2,Paper.io 2,VOODOO,Arcade,GAME_ARCADE,4.0772824,2447769.0,139021.0,"100,000,000+",100000000,447366617,True,0.0,USD,True,True,"Sep 13, 2018",Everyone,https://play.google.com/store/apps/details?id=io.voodoo.paper2&hl=en&gl=us,2026-05-20 15:22:56
com.sega.sonicdash,Sonic Dash Run,SEGA,Arcade,GAME_ARCADE,4.690169,6511222.0,416828.0,"500,000,000+",500000000,514226923,True,0.0,USD,True,True,"Nov 26, 2013",Everyone,https://play.google.com/store/apps/details?id=com.sega.sonicdash&hl=en&gl=us,2026-05-29 14:39:18
com.robtopx.geometryjumplite,Geometry Dash Lite,RobTop Games,Arcade,GAME_ARCADE,4.4062986,7759603.0,496823.0,"500,000,000+",500000000,602282023,True,0.0,USD,True,False,"Sep 15, 2013",Everyone 10+,https://play.google.com/store/apps/details?id=com.robtopx.geometryjumplite&hl=en&gl=us,2026-01-30 14:03:50
net.peakgames.match,Match Factory!,Peak,Puzzle,GAME_PUZZLE,4.6652956,651213.0,22691.0,"10,000,000+",10000000,25652337,True,0.0,USD,False,True,"Dec 21, 2023",Everyone,https://play.google.com/store/apps/details?id=net.peakgames.match&hl=en&gl=us,2026-05-22 13:39:17
com.os.space.force.galaxy.alien,Galaxiga: Galaxy Arcade Game,1SOFT,Arcade,GAME_ARCADE,4.743148,448432.0,37527.0,"100,000,000+",100000000,102374452,True,0.0,USD,True,True,"Jul 15, 2019",Everyone 10+,https://play.google.com/store/apps/details?id=com.os.space.force.galaxy.alien&hl=en&gl=us,2026-05-19 05:18:30
eu.bandainamcoent.pacman256,PAC-MAN 256 - Endless Maze,BANDAI NAMCO Entertainment Europe,Arcade,GAME_ARCADE,4.1493835,470420.0,28400.0,"10,000,000+",10000000,41576146,True,0.0,USD,True,True,"Aug 18, 2015",Everyone,https://play.google.com/store/apps/details?id=eu.bandainamcoent.pacman256&hl=en&gl=us,2026-04-30 08:22:55
com.nintendo.zara,Super Mario Run,"Nintendo Co., Ltd.",Action,GAME_ACTION,3.8871732,1667936.0,90663.0,"100,000,000+",100000000,276221094,True,0.0,USD,False,True,"Mar 22, 2017",Everyone,https://play.google.com/store/apps/details?id=com.nintendo.zara&hl=en&gl=us,2026-05-12 08:53:29
com.ea.game.pvzfree_row,Plants vs. Zombies™,ELECTRONIC ARTS,Strategy,GAME_STRATEGY,3.8017564,5740623.0,116834.0,"500,000,000+",500000000,636519979,True,0.0,USD,True,True,"Nov 13, 2014",Everyone 10+,https://play.google.com/store/apps/details?id=com.ea.game.pvzfree_row&hl=en&gl=us,2026-05-04 07:41:38
com.kiloo.subwaysurf,Subway Surfers,SYBO Games,Arcade,GAME_ARCADE,4.5527244,41703485.0,1763563.0,"1,000,000,000+",1000000000,2887803781,True,0.0,USD,True,True,"Sep 20, 2012",Everyone 10+,https://play.google.com/store/apps/details?id=com.kiloo.subwaysurf&hl=en&gl=us,2026-06-08 08:03:49
com.halfbrick.fruitninjafree,Fruit Ninja®,Halfbrick Studios,Arcade,GAME_ARCADE,4.512653,5373018.0,213492.0,"500,000,000+",500000000,636641958,True,0.0,USD,True,True,"Jul 20, 2011",Everyone,https://play.google.com/store/apps/details?id=com.halfbrick.fruitninjafree&hl=en&gl=us,2026-05-20 02:52:05
com.fingersoft.hcr2,Hill Climb Racing 2,Fingersoft,Racing,GAME_RACING,4.4680076,4700861.0,146847.0,"100,000,000+",100000000,437854943,True,0.0,USD,True,True,"Nov 27, 2016",Everyone,https://play.google.com/store/apps/details?id=com.fingersoft.hcr2&hl=en&gl=us,2026-06-02 10:41:17
com.greencod.pinballdeluxereloaded,Pinball Deluxe: Reloaded,Made Of Bits,Arcade,GAME_ARCADE,4.7135415,93612.0,8382.0,"5,000,000+",5000000,6495376,True,0.0,USD,True,True,"Nov 20, 2016",Everyone,https://play.google.com/store/apps/details?id=com.greencod.pinballdeluxereloaded&hl=en&gl=us,2026-04-16 19:11:25
com.imangi.templerun2,Temple Run 2: Endless Escape,Imangi Studios,Action,GAME_ACTION,4.093353,9899271.0,374407.0,"1,000,000,000+",1000000000,1216779889,True,0.0,USD,True,True,"Jan 23, 2013",Everyone 10+,https://play.google.com/store/apps/details?id=com.imangi.templerun2&hl=en&gl=us,2026-05-25 19:35:25
com.youmusic.magictiles,Magic Tiles 3™ - Piano Game,AMANOTES PTE. LTD.,Music,GAME_MUSIC,4.5849934,3470087.0,110552.0,"500,000,000+",500000000,818678707,True,0.0,USD,True,True,"Feb 24, 2017",Everyone 10+,https://play.google.com/store/apps/details?id=com.youmusic.magictiles&hl=en&gl=us,2026-06-04 07:56:47
com.playgendary.sportmasters,Bouncemasters: Penguin Games,CASUAL AZUR GAMES,Arcade,GAME_ARCADE,4.4870763,576674.0,23065.0,"100,000,000+",100000000,141922119,True,0.0,USD,True,True,"Sep 15, 2018",Everyone,https://play.google.com/store/apps/details?id=com.playgendary.sportmasters&hl=en&gl=us,2026-05-14 14:57:37
com.fgol.HungrySharkEvolution,Hungry Shark Evolution,Ubisoft Entertainment,Arcade,GAME_ARCADE,4.4945774,7597005.0,245312.0,"500,000,000+",500000000,614801910,True,0.0,USD,True,True,"Feb 22, 2013",Teen,https://play.google.com/store/apps/details?id=com.fgol.HungrySharkEvolution&hl=en&gl=us,2026-05-22 01:09:01
com.ea.game.nfs14_row,Need for Speed™ No Limits,ELECTRONIC ARTS,Racing,GAME_RACING,4.4004445,5244821.0,118086.0,"100,000,000+",100000000,343598577,True,0.0,USD,False,True,"Sep 16, 2015",Everyone 10+,https://play.google.com/store/apps/details?id=com.ea.game.nfs14_row&hl=en&gl=us,2026-06-03 05:05:11
com.gameloft.android.ANMP.GloftA8HM,Asphalt 8 - Car Racing Game,Gameloft SE,Racing,GAME_RACING,4.5854487,11931635.0,286196.0,"500,000,000+",500000000,567233104,True,0.0,USD,True,True,"Aug 20, 2013",Everyone 10+,https://play.google.com/store/apps/details?id=com.gameloft.android.ANMP.GloftA8HM&hl=en&gl=us,2026-06-03 11:48:07
com.gameloft.android.ANMP.GloftDMHM,Minion Rush: Running Game,Gameloft SE,Casual,GAME_CASUAL,4.440686,10454046.0,587925.0,"500,000,000+",500000000,578204097,True,0.0,USD,True,True,"Jun 13, 2013",Everyone 10+,https://play.google.com/store/apps/details?id=com.gameloft.android.ANMP.GloftDMHM&hl=en&gl=us,2026-06-03 17:11:36
com.outfit7.talkingtomgoldrun,Talking Tom Gold Run,Outfit7 Limited,Action,GAME_ACTION,4.3366213,6404750.0,51287.0,"500,000,000+",500000000,759091580,True,0.0,USD,True,True,"Jul 13, 2016",Everyone,https://play.google.com/store/apps/details?id=com.outfit7.talkingtomgoldrun&hl=en&gl=us,2026-05-21 13:24:42
com.imangi.templerun,Temple Run,Imangi Studios,Arcade,GAME_ARCADE,4.225033,5175581.0,327510.0,"500,000,000+",500000000,956272605,True,0.0,USD,True,True,"Mar 26, 2012",Everyone,https://play.google.com/store/apps/details?id=com.imangi.templerun&hl=en&gl=us,2026-06-03 19:24:06
com.sybogames.subway.surfers.game,Subway Surfers City,SYBO Games,Action,GAME_ACTION,4.6727467,300195.0,7294.0,"10,000,000+",10000000,31289972,True,0.0,USD,True,True,"Feb 25, 2026",Everyone 10+,https://play.google.com/store/apps/details?id=com.sybogames.subway.surfers.game&hl=en&gl=us,2026-05-15 18:27:57
com.nekki.shadowfight3,Shadow Fight 3 - RPG fighting,NEKKI,Role Playing,GAME_ROLE_PLAYING,4.5902743,4482471.0,75314.0,"100,000,000+",100000000,207883674,True,0.0,USD,True,True,"Nov 16, 2017",Teen,https://play.google.com/store/apps/details?id=com.nekki.shadowfight3&hl=en&gl=us,2026-06-02 15:19:17
com.outfit7.herodash,Talking Tom: Hero Dash Run,Outfit7 Limited,Action,GAME_ACTION,4.276849,2090247.0,11538.0,"500,000,000+",500000000,544089873,True,0.0,USD,True,True,"Jun 4, 2019",Everyone,https://play.google.com/store/apps/details?id=com.outfit7.herodash&hl=en&gl=us,2026-05-19 12:40:20
com.easybrain.jigsaw.puzzles,Jigsaw Puzzles - Puzzle Games,Easybrain,Puzzle,GAME_PUZZLE,4.759636,2296631.0,106442.0,"100,000,000+",100000000,147084069,True,0.0,USD,True,True,"Apr 10, 2019",Everyone,https://play.google.com/store/apps/details?id=com.easybrain.jigsaw.puzzles&hl=en&gl=us,2026-05-20 14:51:49
com.bandagames.mpuzzle.gp,Magic Jigsaw Puzzles－Games HD,ZiMAD,Puzzle,GAME_PUZZLE,4.6930227,795755.0,68125.0,"100,000,000+",100000000,109554590,True,0.0,USD,True,True,"Feb 24, 2014",Everyone,https://play.google.com/store/apps/details?id=com.bandagames.mpuzzle.gp&hl=en&gl=us,2026-05-29 10:36:38
com.easybrain.block.puzzle.games,Blockudoku®: Block Puzzle Game,Easybrain,Puzzle,GAME_PUZZLE,4.567452,1272085.0,32782.0,"100,000,000+",100000000,122182398,True,0.0,USD,True,True,"Nov 22, 2019",Everyone,https://play.google.com/store/apps/details?id=com.easybrain.block.puzzle.games&hl=en&gl=us,2026-06-03 16:23:43
com.gamovation.tileclub,Tile Club - Match Puzzle Games,GamoVation,Puzzle,GAME_PUZZLE,4.8347874,792538.0,5559.0,"100,000,000+",100000000,199393205,True,0.0,USD,True,True,"May 15, 2023",Everyone,https://play.google.com/store/apps/details?id=com.gamovation.tileclub&hl=en&gl=us,2026-06-05 10:07:04
com.easybrain.sudoku.android,Sudoku.com - Classic Sudoku,Easybrain,Puzzle,GAME_PUZZLE,4.6989245,2398389.0,85359.0,"100,000,000+",100000000,104226504,True,0.0,USD,True,True,"Nov 26, 2017",Everyone,https://play.google.com/store/apps/details?id=com.easybrain.sudoku.android&hl=en&gl=us,2026-06-02 20:34:52
com.inspiredsquare.jupiter,2248 - Numbers Game 2048,Inspired Square FZE,Puzzle,GAME_PUZZLE,4.870767,851753.0,23185.0,"50,000,000+",50000000,95165244,True,0.0,USD,True,True,"Nov 20, 2019",Everyone,https://play.google.com/store/apps/details?id=com.inspiredsquare.jupiter&hl=en&gl=us,2026-05-14 07:57:51
where.my.seat.taken.logic.puzzle.brain.mind,Where's My Seat?・Logic Puzzles,Smartmove Global,Puzzle,GAME_PUZZLE,4.76,3115.0,55.0,"1,000,000+",1000000,2454374,True,0.0,USD,True,True,"May 19, 2026",Everyone,https://play.google.com/store/apps/details?id=where.my.seat.taken.logic.puzzle.brain.mind&hl=en&gl=us,2026-06-05 10:21:25
com.zynga.pottermatch,Harry Potter: Puzzles & Spells,Zynga,Puzzle,GAME_PUZZLE,4.7003646,910542.0,53150.0,"10,000,000+",10000000,24812202,True,0.0,USD,True,True,"Sep 22, 2020",Everyone,https://play.google.com/store/apps/details?id=com.zynga.pottermatch&hl=en&gl=us,2026-05-15 23:55:38
com.easybrain.art.puzzle,Art Puzzle - Puzzle Games,Easybrain,Puzzle,GAME_PUZZLE,4.7746353,1801218.0,42241.0,"100,000,000+",100000000,137376461,True,0.0,USD,True,True,"Sep 7, 2020",Everyone,https://play.google.com/store/apps/details?id=com.easybrain.art.puzzle&hl=en&gl=us,2026-06-02 20:32:37
com.uken.mattel.match,Mattel Match,Uken Games,Puzzle,GAME_PUZZLE,4.7017546,1771.0,37.0,"50,000+",50000,99413,True,0.0,USD,False,True,"Mar 17, 2026",Everyone,https://play.google.com/store/apps/details?id=com.uken.mattel.match&hl=en&gl=us,2026-05-04 17:38:39
com.weplaydots.twodotsandroid,Two Dots: Brain Puzzle Games,PlayDots,Board,GAME_BOARD,4.275713,1157950.0,87667.0,"50,000,000+",50000000,71135999,True,0.0,USD,True,True,"Nov 12, 2014",Everyone,https://play.google.com/store/apps/details?id=com.weplaydots.twodotsandroid&hl=en&gl=us,2026-05-27 13:39:36
com.playrix.gardenscapes,Gardenscapes,Playrix,Casual,GAME_CASUAL,4.7577977,13289291.0,354141.0,"500,000,000+",500000000,593745736,True,0.0,USD,False,True,"Aug 24, 2016",Everyone,https://play.google.com/store/apps/details?id=com.playrix.gardenscapes&hl=en&gl=us,2026-06-05 19:42:41
com.tripledot.triple.tile.match.pair.game.three.master.object,Triple Tile: Match Puzzle Game,Tripledot Studios Limited,Casual,GAME_CASUAL,4.8329406,1052409.0,21764.0,"50,000,000+",50000000,74366925,True,0.0,USD,True,True,"Jul 29, 2021",Everyone,https://play.google.com/store/apps/details?id=com.tripledot.triple.tile.match.pair.game.three.master.object&hl=en&gl=us,2026-04-23 16:03:49
com.rvappstudios.jigsaw.puzzles.kids,Puzzle Kids: Jigsaw Puzzles,RV AppStudios,Educational,GAME_EDUCATIONAL,4.4700856,37586.0,395.0,"50,000,000+",50000000,61810556,True,0.0,USD,False,False,"Jun 28, 2017",Everyone,https://play.google.com/store/apps/details?id=com.rvappstudios.jigsaw.puzzles.kids&hl=en&gl=us,2026-05-29 15:06:16
com.ecffri.arrows,Arrows – Puzzle Escape,Lessmore GmbH,Puzzle,GAME_PUZZLE,4.82062,1001818.0,14251.0,"50,000,000+",50000000,71415575,True,0.0,USD,True,True,"Jul 9, 2025",Everyone,https://play.google.com/store/apps/details?id=com.ecffri.arrows&hl=en&gl=us,2026-05-28 09:09:15
com.oakever.tiletrip,Tile Explorer - Triple Match,Oakever Games,Puzzle,GAME_PUZZLE,4.861482,2009987.0,10895.0,"100,000,000+",100000000,223517090,True,0.0,USD,True,True,"May 17, 2024",Everyone,https://play.google.com/store/apps/details?id=com.oakever.tiletrip&hl=en&gl=us,2026-05-27 12:22:17
com.smallgiantgames.empires,Empires & Puzzles: Match-3 RPG,Small Giant Games,Puzzle,GAME_PUZZLE,4.4654884,2389487.0,97679.0,"50,000,000+",50000000,78073656,True,0.0,USD,True,True,"Mar 1, 2017",Everyone 10+,https://play.google.com/store/apps/details?id=com.smallgiantgames.empires&hl=en&gl=us,2026-05-25 08:06:13
com.Seriously.BestFiends,Best Fiends - Match 3 Puzzles,Playtika,Casual,GAME_CASUAL,4.619021,2274844.0,185313.0,"50,000,000+",50000000,72227587,True,0.0,USD,True,True,"Dec 10, 2014",Everyone,https://play.google.com/store/apps/details?id=com.Seriously.BestFiends&hl=en&gl=us,2026-05-22 16:42:39
com.gameloft.android.ANMP.GloftICHM,Sonic Runners Adventure game,Gameloft SE,Adventure,GAME_ADVENTURE,4.3878627,12721.0,2002.0,"100,000+",100000,313680,False,2.99,USD,False,False,"Dec 20, 2017",Everyone,https://play.google.com/store/apps/details?id=com.gameloft.android.ANMP.GloftICHM&hl=en&gl=us,2025-07-11 08:57:21
com.devsisters.cos,CookieRun: OvenSmash,Devsisters Corporation,Action,GAME_ACTION,4.0607142,14229.0,1783.0,"1,000,000+",1000000,2596280,True,0.0,USD,False,True,"Mar 25, 2026",Everyone,https://play.google.com/store/apps/details?id=com.devsisters.cos&hl=en&gl=us,2026-06-01 15:48:46
com.halfbrick.aeroracer,Jetpack Joyride Racing,Halfbrick Studios,Racing,GAME_RACING,3.0357144,411.0,19.0,"100,000+",100000,107999,True,0.0,USD,False,True,"Apr 8, 2026",Everyone,https://play.google.com/store/apps/details?id=com.halfbrick.aeroracer&hl=en&gl=us,2026-05-24 23:17:58
com.solou.catendless.run,Cat Runner: Decorate Home,Ivy,Role Playing,GAME_ROLE_PLAYING,4.370565,744288.0,2570.0,"100,000,000+",100000000,421998455,True,0.0,USD,True,True,"Nov 3, 2017",Everyone,https://play.google.com/store/apps/details?id=com.solou.catendless.run&hl=en&gl=us,2026-05-21 07:29:45
com.sega.sonicboomandroid,Sonic Boom Dash,SEGA,Arcade,GAME_ARCADE,4.4382024,763010.0,25661.0,"100,000,000+",100000000,174827244,True,0.0,USD,True,True,"Oct 15, 2015",Everyone,https://play.google.com/store/apps/details?id=com.sega.sonicboomandroid&hl=en&gl=us,2026-05-11 10:38:16
com.rioo.runnersubway,Subway Princess Runner,Ivy,Arcade,GAME_ARCADE,4.3547277,2017313.0,6004.0,"500,000,000+",500000000,781244373,True,0.0,USD,True,True,"Jun 2, 2017",Teen,https://play.google.com/store/apps/details?id=com.rioo.runnersubway&hl=en&gl=us,2026-05-29 10:08:09
com.sega.sprint,Sonic Forces: PvP Race,SEGA,Adventure,GAME_ADVENTURE,4.46467,1076639.0,65282.0,"100,000,000+",100000000,178674397,True,0.0,USD,True,True,"Nov 15, 2017",Everyone,https://play.google.com/store/apps/details?id=com.sega.sprint&hl=en&gl=us,2026-06-03 13:12:51
com.robtopx.geometryjump,Geometry Dash,RobTop Games,Arcade,GAME_ARCADE,4.74415,1070871.0,152580.0,"10,000,000+",10000000,11174716,False,3.99,USD,False,False,"Aug 12, 2013",Everyone 10+,https://play.google.com/store/apps/details?id=com.robtopx.geometryjump&hl=en&gl=us,2026-01-28 04:14:37
com.pocketchamps.game,Pocket Champs: 3D Racing Games,Madbox,Arcade,GAME_ARCADE,4.498816,1180373.0,16698.0,"50,000,000+",50000000,54779173,True,0.0,USD,True,True,"Feb 4, 2021",Everyone,https://play.google.com/store/apps/details?id=com.pocketchamps.game&hl=en&gl=us,2026-06-01 16:31:57
com.nekki.vector,Vector,NEKKI,Arcade,GAME_ARCADE,4.707896,3681639.0,109224.0,"100,000,000+",100000000,269095088,True,0.0,USD,True,True,"Feb 7, 2013",Everyone 10+,https://play.google.com/store/apps/details?id=com.nekki.vector&hl=en&gl=us,2026-04-03 16:46:20
com.creations.runnergame,Kooply Run™: Play and Create!,KOOPLY,Arcade,GAME_ARCADE,4.328889,203985.0,234.0,"50,000,000+",50000000,75512267,True,0.0,USD,True,True,"Mar 14, 2024",Everyone,https://play.google.com/store/apps/details?id=com.creations.runnergame&hl=en&gl=us,2026-06-03 11:24:02
com.vectorunit.cobalt.googleplay,Beach Buggy Racing 2,Vector Unit,Racing,GAME_RACING,4.4764485,899637.0,10954.0,"100,000,000+",100000000,106932101,True,0.0,USD,True,True,"Dec 18, 2018",Everyone,https://play.google.com/store/apps/details?id=com.vectorunit.cobalt.googleplay&hl=en&gl=us,2026-05-27 00:52:58
com.playgendary.tom,Tomb of the Mask: Old Maze,Playgendary Limited,Action,GAME_ACTION,4.3063407,2481693.0,82870.0,"100,000,000+",100000000,466021316,True,0.0,USD,True,True,"Jun 19, 2018",Everyone,https://play.google.com/store/apps/details?id=com.playgendary.tom&hl=en&gl=us,2026-04-10 08:51:29
com.streetrush.runninggame,Street Rush - Running Game,IVYGAMES,Action,GAME_ACTION,4.19,16184.0,108.0,"10,000,000+",10000000,15349862,True,0.0,USD,True,True,"Apr 15, 2022",Everyone,https://play.google.com/store/apps/details?id=com.streetrush.runninggame&hl=en&gl=us,2025-10-31 08:47:22
com.crazylabs.lady.bug,Miraculous Ladybug & Cat Noir,CrazyLabs LTD,Action,GAME_ACTION,4.4788074,1069237.0,19933.0,"100,000,000+",100000000,192832328,True,0.0,USD,True,True,"Apr 24, 2018",Everyone 10+,https://play.google.com/store/apps/details?id=com.crazylabs.lady.bug&hl=en&gl=us,2026-01-27 09:04:16
com.robtopx.geometrydashsubzero,Geometry Dash SubZero,RobTop Games,Arcade,GAME_ARCADE,4.522756,961103.0,38502.0,"100,000,000+",100000000,184711222,True,0.0,USD,True,False,"Dec 21, 2017",Everyone,https://play.google.com/store/apps/details?id=com.robtopx.geometrydashsubzero&hl=en&gl=us,2026-01-30 10:39:33
com.vectorunit.purple.googleplay,Beach Buggy Racing,Vector Unit,Racing,GAME_RACING,4.5103636,2999377.0,35144.0,"100,000,000+",100000000,354158452,True,0.0,USD,True,True,"Sep 16, 2014",Everyone,https://play.google.com/store/apps/details?id=com.vectorunit.purple.googleplay&hl=en&gl=us,2026-05-18 21:02:28
com.OctocubeGamesCompany.CIFI,Cell: Idle Factory Incremental,Octocube Games,Strategy,GAME_STRATEGY,,,,"500,000+",500000,531672,True,0.0,USD,True,True,,Everyone,https://play.google.com/store/apps/details?id=com.OctocubeGamesCompany.CIFI&hl=en&gl=us,
com.fluffyfairygames.idleminertycoon,Idle Miner Tycoon: Gold Games,Kolibri Games,Simulation,GAME_SIMULATION,4.54439,5784356.0,286944.0,"100,000,000+",100000000,172719712,True,0.0,USD,True,True,"Jun 30, 2016",Everyone,https://play.google.com/store/apps/details?id=com.fluffyfairygames.idleminertycoon&hl=en&gl=us,2026-06-04 14:41:31
com.codigames.hotel.empire.tycoon.idle.game,Hotel Empire Tycoon－Idle Game,Codigames,Simulation,GAME_SIMULATION,4.3902993,509464.0,20027.0,"10,000,000+",10000000,25842761,True,0.0,USD,True,True,"Dec 11, 2019",Everyone 10+,https://play.google.com/store/apps/details?id=com.codigames.hotel.empire.tycoon.idle.game&hl=en&gl=us,2026-05-05 08:10:03
