query,title_clean,description_clean,search_result_text,postdate_search,postdate_raw,link,product_type_clean,analysis_scope,text_source,analysis_text_len,context_labels_str,product_signal_labels_str,cx_signal_labels_str
포카리스웨트,포카리스웨트 효능 성분 운동할 때만 챙기는 게 아니야!,"오늘은 포카리스웨트 의 과학적인 성분부터 일상 속 활용법까지 전문가의 시선으로 꼼꼼하게 파헤쳐 보겠습니다. [목차] 1.... 과학 포카리스웨트 의 탄생 비화는 매우 흥미롭습니다. 수술을 마친 의사들이 체력 소모가 심할 때 수액(링거)을 직접... 맹물은 많이 마시면 일시적으로 혈액이 희석되어 소변으로 금방 배출되는 '자발적 탈수'를 유발할 수 있지만, 포카리스웨트 는...","포카리스웨트 효능 성분 운동할 때만 챙기는 게 아니야! 오늘은 포카리스웨트 의 과학적인 성분부터 일상 속 활용법까지 전문가의 시선으로 꼼꼼하게 파헤쳐 보겠습니다. [목차] 1.... 과학 포카리스웨트 의 탄생 비화는 매우 흥미롭습니다. 수술을 마친 의사들이 체력 소모가 심할 때 수액(링거)을 직접... 맹물은 많이 마시면 일시적으로 혈액이 희석되어 소변으로 금방 배출되는 '자발적 탈수'를 유발할 수 있지만, 포카리스웨트 는...",20260611,오늘,https://blog.naver.com/smallfire113/224245530505,포카리스웨트 직접 언급 - 일반,포카리스웨트 직접 언급,search_result_card,241,운동/러닝/헬스|더위/갈증/수분보충|감기/몸살/컨디션 회복|숙취/해장|일상 음료,기능감/효과,미분류
포카리스웨트,"군대 PX 추천템 간편하게 마시는 포카리스웨트 분말 가격, 후기",독버섯의 PX 뷰티 하우스 Keep에 저장 Keep에 바로가기 침전물이 없게 잘 흔들어주세요 군대 분말 포카리 로 맛있는 이온음료 완성 잘 넣어준 후 흔들어주면 포카리스웨트 완성입니다 액상으로 사먹는 것 보다 훨씬 저렴하고 맛까지 조절할 수 있으니 일석이조! 다들 군마트 가셔서 화장품만 구매하지 마시고 PX 포카리 분말 꼭 겟 하세요! 이상 PX 전문 리뷰 블로거 독버섯의 내돈내산 솔직후기 였습니다 <다양한 군대 피엑스... 21,"군대 PX 추천템 간편하게 마시는 포카리스웨트 분말 가격, 후기 독버섯의 PX 뷰티 하우스 Keep에 저장 Keep에 바로가기 침전물이 없게 잘 흔들어주세요 군대 분말 포카리 로 맛있는 이온음료 완성 잘 넣어준 후 흔들어주면 포카리스웨트 완성입니다 액상으로 사먹는 것 보다 훨씬 저렴하고 맛까지 조절할 수 있으니 일석이조! 다들 군마트 가셔서 화장품만 구매하지 마시고 PX 포카리 분말 꼭 겟 하세요! 이상 PX 전문 리뷰 블로거 독버섯의 내돈내산 솔직후기 였습니다 <다양한 군대 피엑스... 21",20251119,2025.11.19.,https://blog.naver.com/love_holic_kc/224081012250,포카리스웨트 직접 언급 - 일반,포카리스웨트 직접 언급,search_result_card,278,미분류,맛|가격|용량/패키지,구매 계기|재구매/추천|편의점/채널 언급
포카리스웨트,포카리스웨트 (Pocari Sweat) 완전 정리,비누정원 Keep에 저장 Keep에 바로가기 포카리스웨트 의 종류 일반 포카리스웨트 가장 많이 판매되는 제품 ✔ 캔 ✔ PET병 ✔ 분말형 포카리스웨트 이온워터 일반 포카리 보다 ✔ 당분 감소 ✔ 칼로리 감소 ✔ 더 가벼운 맛 이 특징입니다. 포카리스웨트 분말 물에 타서 마시는 제품 장점 ✔ 경제적 ✔ 휴대성 우수 ✔ 농도 조절 가능 3. 주요 성분 공식 자료 기준 주요 성분은 다음과 같습니다. ✔ 물...,포카리스웨트 (Pocari Sweat) 완전 정리 비누정원 Keep에 저장 Keep에 바로가기 포카리스웨트 의 종류 일반 포카리스웨트 가장 많이 판매되는 제품 ✔ 캔 ✔ PET병 ✔ 분말형 포카리스웨트 이온워터 일반 포카리 보다 ✔ 당분 감소 ✔ 칼로리 감소 ✔ 더 가벼운 맛 이 특징입니다. 포카리스웨트 분말 물에 타서 마시는 제품 장점 ✔ 경제적 ✔ 휴대성 우수 ✔ 농도 조절 가능 3. 주요 성분 공식 자료 기준 주요 성분은 다음과 같습니다. ✔ 물...,20260528,2주 전,https://blog.naver.com/soap_garden9/224304308693,포카리스웨트 직접 언급 - 제로/저당/칼로리 관심,포카리스웨트 직접 언급,detail_body,2484,운동/러닝/헬스|더위/갈증/수분보충|감기/몸살/컨디션 회복|일상 음료|제로/저당/다이어트,맛|용량/패키지|당/칼로리|기능감/효과|브랜드 신뢰|대체재 비교,미분류
포카리스웨트,왜 운동 끝나면 꼭 찾게 되는지 알겠더라! 포카리스웨트 340ml 솔직 후기,현명한 소비생활 Keep에 저장 Keep에 바로가기 # 포카리스웨트 340ml # 포카리스웨트 #이온음료추천 # 포카리스웨트 캔 #운동후음료 #수분보충음료 #동아오츠카 # 포카리스웨트 후기 #이온음료리뷰 #운동음료추천 #갈증해소음료 #냉장고음료추천 #음주후음료 #여름음료추천 #캔음료추천 # 포카리 쟁임 # 포카리 후기 #운동후 포카리 # 포카리스웨트 리뷰 5,왜 운동 끝나면 꼭 찾게 되는지 알겠더라! 포카리스웨트 340ml 솔직 후기 현명한 소비생활 Keep에 저장 Keep에 바로가기 # 포카리스웨트 340ml # 포카리스웨트 #이온음료추천 # 포카리스웨트 캔 #운동후음료 #수분보충음료 #동아오츠카 # 포카리스웨트 후기 #이온음료리뷰 #운동음료추천 #갈증해소음료 #냉장고음료추천 #음주후음료 #여름음료추천 #캔음료추천 # 포카리 쟁임 # 포카리 후기 #운동후 포카리 # 포카리스웨트 리뷰 5,20260521,3주 전,https://blog.naver.com/manual1000/224295628184,포카리스웨트 직접 언급 - 일반,포카리스웨트 직접 언급,search_result_card,244,운동/러닝/헬스|더위/갈증/수분보충|숙취/해장|일상 음료,용량/패키지|기능감/효과,재구매/추천
포카리스웨트,포카리스웨트 효능 성분 운동할 때에 마시면 왜좋을까?,"오늘은 우리가 운동할 때나 몸이 안 좋을 때 가장 먼저 찾게 되는 국민 이온음료, 포카리스웨트 효능에 대해 아주 자세하고 친절하게 파헤쳐 보려고 해요. 특히 왜 운동할 때 물보다 이온음료가 좋은지, 성분은 무엇인지 궁금하셨죠? 목차 나의 생생한 경험담: 등산 중 만난 구세주 포카리스웨트 성분, 무엇이 특별할까? 포카리스웨트 효능: 왜 마셔야 할까? 운동할 때 마시면...","포카리스웨트 효능 성분 운동할 때에 마시면 왜좋을까? 오늘은 우리가 운동할 때나 몸이 안 좋을 때 가장 먼저 찾게 되는 국민 이온음료, 포카리스웨트 효능에 대해 아주 자세하고 친절하게 파헤쳐 보려고 해요. 특히 왜 운동할 때 물보다 이온음료가 좋은지, 성분은 무엇인지 궁금하셨죠? 목차 나의 생생한 경험담: 등산 중 만난 구세주 포카리스웨트 성분, 무엇이 특별할까? 포카리스웨트 효능: 왜 마셔야 할까? 운동할 때 마시면...",20260611,오늘,https://blog.naver.com/mikako7119/224244402226,포카리스웨트 직접 언급 - 일반,포카리스웨트 직접 언급,search_result_card,238,운동/러닝/헬스,브랜드 신뢰,미분류
포카리스웨트,포카리스웨트 효능 5가지 운동할 때에 마시면 왜좋을까?,"경희 뷰티 생활 Keep에 저장 Keep에 바로가기 ""다이어트 중인데 포카리스웨트 , 살찌지 않을까요?"" 사실 포카리스웨트 에는 전해질 흡수를 돕기 위한 당분이 포함되어 있어요. 100ml당 약 25kcal 정도인데, 일반 탄산음료보다는 낮지만 물처럼 계속 마시면 칼로리 섭취가 늘어날 수 있답니다. Q2. ""장염일 때 편의점에서 파는 포카리 를 바로 마셔도 되나요?"" 네, 수분 보충에는 큰 도움이 돼요. 하지만 온도가 정말... 7","포카리스웨트 효능 5가지 운동할 때에 마시면 왜좋을까? 경희 뷰티 생활 Keep에 저장 Keep에 바로가기 ""다이어트 중인데 포카리스웨트 , 살찌지 않을까요?"" 사실 포카리스웨트 에는 전해질 흡수를 돕기 위한 당분이 포함되어 있어요. 100ml당 약 25kcal 정도인데, 일반 탄산음료보다는 낮지만 물처럼 계속 마시면 칼로리 섭취가 늘어날 수 있답니다. Q2. ""장염일 때 편의점에서 파는 포카리 를 바로 마셔도 되나요?"" 네, 수분 보충에는 큰 도움이 돼요. 하지만 온도가 정말... 7",20260408,2026.04.08.,https://blog.naver.com/warmmoments1/224245563410,포카리스웨트 직접 언급 - 제로/저당/칼로리 관심,포카리스웨트 직접 언급,detail_body,3792,운동/러닝/헬스|더위/갈증/수분보충|감기/몸살/컨디션 회복|숙취/해장|어린이/가족|일상 음료|제로/저당/다이어트,맛|용량/패키지|당/칼로리|기능감/효과|브랜드 신뢰,구매 계기|재구매/추천|캠페인/광고 언급|편의점/채널 언급
포카리스웨트,포카리스웨트 효능 성분 운동할 때만 마시는 음료일까?,"고마워요,오늘도 :) Keep에 저장 Keep에 바로가기 특히 포카리스웨트 효능이 갈증 해소용이 아닌 어떤 도움을 주는지 체계적으로 알고 싶으실 텐데요. 실제 생활 속 활용... 포카리스웨트 효능이 여기서 빛을 발하죠. 땀으로 배출된 전해질을 빠르게 채워주면 근육 경련이나 어지러움을 예방하는 데... 포카리스웨트 효능을 제대로 체감하려면 ‘언제, 왜 마시는지’를 스스로 인지하는 습관이 중요합니다. 무의식적인... 14","포카리스웨트 효능 성분 운동할 때만 마시는 음료일까? 고마워요,오늘도 :) Keep에 저장 Keep에 바로가기 특히 포카리스웨트 효능이 갈증 해소용이 아닌 어떤 도움을 주는지 체계적으로 알고 싶으실 텐데요. 실제 생활 속 활용... 포카리스웨트 효능이 여기서 빛을 발하죠. 땀으로 배출된 전해질을 빠르게 채워주면 근육 경련이나 어지러움을 예방하는 데... 포카리스웨트 효능을 제대로 체감하려면 ‘언제, 왜 마시는지’를 스스로 인지하는 습관이 중요합니다. 무의식적인... 14",20260112,2026.01.12.,https://blog.naver.com/syapk0326/224143228252,포카리스웨트 직접 언급 - 일반,포카리스웨트 직접 언급,search_result_card,265,운동/러닝/헬스|더위/갈증/수분보충,기능감/효과,미분류
포카리스웨트,포카리스웨트 효능 성분 운동할 때 마시면 좋은 이유,오늘은 많은 분들이 운동할 때 즐겨 마시는 포카리스웨트 에 대해 자세히 알아보겠습니다. 특히 포카리스웨트 효능을 중심으로 꼭 알아야 할 핵심 내용을 정리해드릴게요. 목차 1. 포카리스웨트 효능 2. 주요 성분 3. 운동 시 효과 4. 탈수 예방 역할 5. 섭취 타이밍 6. 다이어트 영향 7. 감기 회복 도움 8 물 대용 가능 여유 9. 이온음료 차이 10. 부작용 및 주의 사항 1....,포카리스웨트 효능 성분 운동할 때 마시면 좋은 이유 오늘은 많은 분들이 운동할 때 즐겨 마시는 포카리스웨트 에 대해 자세히 알아보겠습니다. 특히 포카리스웨트 효능을 중심으로 꼭 알아야 할 핵심 내용을 정리해드릴게요. 목차 1. 포카리스웨트 효능 2. 주요 성분 3. 운동 시 효과 4. 탈수 예방 역할 5. 섭취 타이밍 6. 다이어트 영향 7. 감기 회복 도움 8 물 대용 가능 여유 9. 이온음료 차이 10. 부작용 및 주의 사항 1....,20260611,오늘,https://blog.naver.com/obn_ymk1204/224246933748,포카리스웨트 직접 언급 - 제로/저당/칼로리 관심,포카리스웨트 직접 언급,search_result_card,247,운동/러닝/헬스|더위/갈증/수분보충|감기/몸살/컨디션 회복|제로/저당/다이어트,맛|당/칼로리|기능감/효과,미분류
포카리스웨트,"포카리스웨트 효능 무엇일까? 운동, 탈수 상황에서 꼭 필요한 이유","저는 자전거 라이딩를 하다 땀을 많이 흘려서 몸이 지치고 어리러운 증상이 나타나 물을 마셔도 쉽게 컨디션이 회복 되지 않아, 포카리스웨트 을 마셨더니 갈증이 해소되고 몸에 힘이 돌아오는 느낌을 들었습니다. 이후로 야외활동 시 꼭 챙기는 필수 음료가 되었으며, 오늘은 포카리스웨트 효능에 대해 모든 정보를 자세히 알아 보겠습니다. 1. 포카리스웨트 란 무엇인가...","포카리스웨트 효능 무엇일까? 운동, 탈수 상황에서 꼭 필요한 이유 저는 자전거 라이딩를 하다 땀을 많이 흘려서 몸이 지치고 어리러운 증상이 나타나 물을 마셔도 쉽게 컨디션이 회복 되지 않아, 포카리스웨트 을 마셨더니 갈증이 해소되고 몸에 힘이 돌아오는 느낌을 들었습니다. 이후로 야외활동 시 꼭 챙기는 필수 음료가 되었으며, 오늘은 포카리스웨트 효능에 대해 모든 정보를 자세히 알아 보겠습니다. 1. 포카리스웨트 란 무엇인가...",20260611,오늘,https://blog.naver.com/seo07031/224245729835,포카리스웨트 직접 언급 - 일반,포카리스웨트 직접 언급,search_result_card,240,운동/러닝/헬스|더위/갈증/수분보충|감기/몸살/컨디션 회복|일상 음료,기능감/효과,재구매/추천
포카리스웨트,포카리스웨트 효능 성분 운동할 때만 마시는 게아니야!,이진희 시크릿 메이크업 Keep에 저장 Keep에 바로가기 포카리스웨트 왜 마시는 음료일까. 2. 포카리스웨트 성분과 효능 제대로 알기. 3. 운동할 때만 마시는 음료일까. 4. 이런 상황에서 더 도움이 된다. 5. 나의 사례 이야기. 6. 마실 때 주의할 점. 1. 포카리스웨트 왜 마시는 음료일까. 많은 분들이 포카리스웨트 를 운동할 때만 마시는 음료라고 생각하시는데요. 사실 이 음료는 단순한 운동용 음료가 아니라 우리 몸의 수분과... 10,포카리스웨트 효능 성분 운동할 때만 마시는 게아니야! 이진희 시크릿 메이크업 Keep에 저장 Keep에 바로가기 포카리스웨트 왜 마시는 음료일까. 2. 포카리스웨트 성분과 효능 제대로 알기. 3. 운동할 때만 마시는 음료일까. 4. 이런 상황에서 더 도움이 된다. 5. 나의 사례 이야기. 6. 마실 때 주의할 점. 1. 포카리스웨트 왜 마시는 음료일까. 많은 분들이 포카리스웨트 를 운동할 때만 마시는 음료라고 생각하시는데요. 사실 이 음료는 단순한 운동용 음료가 아니라 우리 몸의 수분과... 10,20260408,2026.04.08.,https://blog.naver.com/jinhee5651/224244614962,포카리스웨트 직접 언급 - 일반,포카리스웨트 직접 언급,search_result_card,280,운동/러닝/헬스,기능감/효과,미분류
포카리스웨트,"포카리스웨트 효능, 장염·탈수 시 최고의 선택? 성분으로 본 수분 보충의 과학! 완벽 정리",풍요힐링진주 커뮤니티디자인 Keep에 저장 Keep에 바로가기 핵심 요약 ✅ 포카리스웨트 는 우리 체액과 유사한 전해질 농도로 설계되어 맹물보다 체내 흡수가 비약적으로 빠릅니다. ✅ 특히... 포카리스웨트 는 무엇인가? (아이소토닉 음료의 정의) 3. 핵심 성분 분석: 단순한 설탕물이 아닌 이유 4. 상황별 포카리스웨트 효능 5. 물보다 흡수가 빠른 과학적 원리 6. 건강한 섭취를 위한 주의 사항 1. 뙤약볕이 내리쬐는 무더운 날의 기억... 13,"포카리스웨트 효능, 장염·탈수 시 최고의 선택? 성분으로 본 수분 보충의 과학! 완벽 정리 풍요힐링진주 커뮤니티디자인 Keep에 저장 Keep에 바로가기 핵심 요약 ✅ 포카리스웨트 는 우리 체액과 유사한 전해질 농도로 설계되어 맹물보다 체내 흡수가 비약적으로 빠릅니다. ✅ 특히... 포카리스웨트 는 무엇인가? (아이소토닉 음료의 정의) 3. 핵심 성분 분석: 단순한 설탕물이 아닌 이유 4. 상황별 포카리스웨트 효능 5. 물보다 흡수가 빠른 과학적 원리 6. 건강한 섭취를 위한 주의 사항 1. 뙤약볕이 내리쬐는 무더운 날의 기억... 13",20260412,2026.04.12.,https://blog.naver.com/jjlove21/224249415064,포카리스웨트 직접 언급 - 제로/저당/칼로리 관심,포카리스웨트 직접 언급,search_result_card,303,더위/갈증/수분보충|감기/몸살/컨디션 회복|어린이/가족|제로/저당/다이어트,용량/패키지|당/칼로리|기능감/효과,미분류
포카리스웨트,포카리스웨트 효능 | 이온음료 효능 | 포카리스웨트 분말 | 수분 전해질 보충 방법,"건강친구 Keep에 저장 Keep에 바로가기 포카리스웨트 효능 포카리스웨트 효능 땀으로 손실된 전해질 보충의 모든 것 포카리스웨트 를 비롯한 이온음료는 운동이나 땀 배출을 통해 우리 몸에서 손실된 수분과 전해질을 빠르게 보충해주는 기능성 음료입니다. 이온음료는 물 섭취와 달리 체액의 이온 균형을 맞춰주며, 운동 능력 향상과 빠른 회복을 돕는 과학적으로 설계된 음료로 현대인의 건강한 수분 보충... 9","포카리스웨트 효능 | 이온음료 효능 | 포카리스웨트 분말 | 수분 전해질 보충 방법 건강친구 Keep에 저장 Keep에 바로가기 포카리스웨트 효능 포카리스웨트 효능 땀으로 손실된 전해질 보충의 모든 것 포카리스웨트 를 비롯한 이온음료는 운동이나 땀 배출을 통해 우리 몸에서 손실된 수분과 전해질을 빠르게 보충해주는 기능성 음료입니다. 이온음료는 물 섭취와 달리 체액의 이온 균형을 맞춰주며, 운동 능력 향상과 빠른 회복을 돕는 과학적으로 설계된 음료로 현대인의 건강한 수분 보충... 9",20251220,2025.12.20.,https://blog.naver.com/st_earl/224116132518,포카리스웨트 직접 언급 - 제로/저당/칼로리 관심,포카리스웨트 직접 언급,detail_body,4110,운동/러닝/헬스|더위/갈증/수분보충|감기/몸살/컨디션 회복|어린이/가족|일상 음료|제로/저당/다이어트,맛|용량/패키지|당/칼로리|기능감/효과|브랜드 신뢰|대체재 비교,구매 계기|재구매/추천|불만/개선점
포카리스웨트,[복용후기] 포카리스웨트 분말 / 장염 / 링티와 비교,"건강한참새 Keep에 저장 Keep에 바로가기 계량컵으로 990ml 정도로 맞춤ㅋㅋ 포카리스웨트 분말 장염 후기 포카리 음료처럼 뿌옇게 됐다. 맛은 분말보다 음료 버전이 낫지만 큰 차이는 없다. 포카리스웨트 분말 장염 후기 분말, 음료 버전 모두 전해질을 보충하여 장이 회복되는 데 도움을 주고 있다. 며칠만 더 신세 질게~ 번외 : 링티 후기 포카리스웨트 와 링티 비교 작년 여름 석촌호수 러닝 신나게 했을 때... 18","[복용후기] 포카리스웨트 분말 / 장염 / 링티와 비교 건강한참새 Keep에 저장 Keep에 바로가기 계량컵으로 990ml 정도로 맞춤ㅋㅋ 포카리스웨트 분말 장염 후기 포카리 음료처럼 뿌옇게 됐다. 맛은 분말보다 음료 버전이 낫지만 큰 차이는 없다. 포카리스웨트 분말 장염 후기 분말, 음료 버전 모두 전해질을 보충하여 장이 회복되는 데 도움을 주고 있다. 며칠만 더 신세 질게~ 번외 : 링티 후기 포카리스웨트 와 링티 비교 작년 여름 석촌호수 러닝 신나게 했을 때... 18",20250106,2025.01.06.,https://blog.naver.com/parao623/223716774962,포카리스웨트 직접 언급 - 일반,포카리스웨트 직접 언급,search_result_card,267,운동/러닝/헬스|더위/갈증/수분보충|감기/몸살/컨디션 회복,맛|용량/패키지|기능감/효과|대체재 비교,미분류
포카리스웨트,"포카리스웨트 / 전해질, 수분 보충에 좋은 이온음료","인생 2막 Keep에 저장 Keep에 바로가기 그래서 이온음료를 먹으라는 추천에 포카리스웨트 를 사왔습니다. 미지근하게 조금씩 나눠서 마시라고 하더라고요. 맛이...... 그럼 고마운 포카리스웨트 를 소개해 드릴게요. 총 620ml 100ml 당, 25kcal 나트륨 50mg / 3% 탄수화물 6g / 2% 당류 6g / 6% 지방 0g / 0% 트랜스지방 0g 포화지방 0g / 0% 콜레스테롤 0mg / 0% 단백질 0g / 0% 포카리스웨트 는 우리에게 매우 익숙한 이온... 6","포카리스웨트 / 전해질, 수분 보충에 좋은 이온음료 인생 2막 Keep에 저장 Keep에 바로가기 그래서 이온음료를 먹으라는 추천에 포카리스웨트 를 사왔습니다. 미지근하게 조금씩 나눠서 마시라고 하더라고요. 맛이...... 그럼 고마운 포카리스웨트 를 소개해 드릴게요. 총 620ml 100ml 당, 25kcal 나트륨 50mg / 3% 탄수화물 6g / 2% 당류 6g / 6% 지방 0g / 0% 트랜스지방 0g 포화지방 0g / 0% 콜레스테롤 0mg / 0% 단백질 0g / 0% 포카리스웨트 는 우리에게 매우 익숙한 이온... 6",20260212,2026.02.12.,https://blog.naver.com/jeienne/224181196446,포카리스웨트 직접 언급 - 제로/저당/칼로리 관심,포카리스웨트 직접 언급,search_result_card,301,더위/갈증/수분보충|제로/저당/다이어트,맛|용량/패키지|당/칼로리|기능감/효과|브랜드 신뢰,재구매/추천
포카리스웨트,"포카리스웨트 핵심 성분 파헤치기 3.알고 마시면 더 좋은 핵심 포카리스웨트 효능 4가지 4. 포카리스웨트 효능 성분 운동할 때에 마시면 왜좋나요? 5.건강한 섭취를 위한 블로거의 팁 및 마무리 1. 시작하며: 남편과의 상쾌한 등산, 그리고 완벽했던 수분 충전 안녕하세요! 날씨가 부쩍 좋아져서 얼마 전 남편과 함께 가벼운 마음으로 등산을 다녀왔습니다. 오랜만에 맑은...",혜원이 뷰티 스토리 Keep에 저장 Keep에 바로가기 포카리스웨트 효능 성분 운동할 때에 마시면 왜좋나요? 5,"포카리스웨트 핵심 성분 파헤치기 3.알고 마시면 더 좋은 핵심 포카리스웨트 효능 4가지 4. 포카리스웨트 효능 성분 운동할 때에 마시면 왜좋나요? 5.건강한 섭취를 위한 블로거의 팁 및 마무리 1. 시작하며: 남편과의 상쾌한 등산, 그리고 완벽했던 수분 충전 안녕하세요! 날씨가 부쩍 좋아져서 얼마 전 남편과 함께 가벼운 마음으로 등산을 다녀왔습니다. 오랜만에 맑은... 혜원이 뷰티 스토리 Keep에 저장 Keep에 바로가기 포카리스웨트 효능 성분 운동할 때에 마시면 왜좋나요? 5",20260408,2026.04.08.,https://blog.naver.com/pmjk1209/224245137862,포카리스웨트 직접 언급 - 일반,포카리스웨트 직접 언급,search_result_card,270,운동/러닝/헬스,미분류,미분류
포카리스웨트,포카리 스웨트 분말 구입 후기 (간편한 이온음료),수분 보충용으로 먹어도 좋습니다. 맛은 그냥 포카리 스웨트 의 맛 그 자체였어요. 약간 산도가 있고 단맛과 과일 맛이 살짝 나는 이온음료입니다. 저는 너무 달달한 파워에이드나 게토레이보다 조금은 물에 가까운 포카리 가 더 좋더라고요. 오늘은 포카리 스웨트 분말에 대해 알아보았습니다. 다음 포스팅으로 만나요~,포카리 스웨트 분말 구입 후기 (간편한 이온음료) 수분 보충용으로 먹어도 좋습니다. 맛은 그냥 포카리 스웨트 의 맛 그 자체였어요. 약간 산도가 있고 단맛과 과일 맛이 살짝 나는 이온음료입니다. 저는 너무 달달한 파워에이드나 게토레이보다 조금은 물에 가까운 포카리 가 더 좋더라고요. 오늘은 포카리 스웨트 분말에 대해 알아보았습니다. 다음 포스팅으로 만나요~,20260611,오늘,https://blog.naver.com/foodgama/223223327722,포카리스웨트 직접 언급 - 일반,포카리스웨트 직접 언급,search_result_card,200,더위/갈증/수분보충,맛|용량/패키지|기능감/효과|대체재 비교,미분류
포카리스웨트,포카리스웨트 효능 효과 운동시 함께 마시면 좋을까요?,"해피큐짱 일본어 수업 Keep에 저장 Keep에 바로가기 저도 요즘 주말마다 러닝을 하면서 물 대신 포카리스웨트 를 챙겨가 보았는데, 과연 운동할 때 좋은 선택인지 궁금해져서 포카리스웨트 효능을 정리해봤습니다. 목차 포카리스웨트 란 어떤 음료인가 포카리스웨트 효능 칼로리와 성분 운동할 때 마시면 좋은 이유 부작용 및 주의점 1. 포카리스웨트 란 어떤 음료인가 포카리스웨트 는 체내 수분과 비슷한 농도로 만들어진... 4","포카리스웨트 효능 효과 운동시 함께 마시면 좋을까요? 해피큐짱 일본어 수업 Keep에 저장 Keep에 바로가기 저도 요즘 주말마다 러닝을 하면서 물 대신 포카리스웨트 를 챙겨가 보았는데, 과연 운동할 때 좋은 선택인지 궁금해져서 포카리스웨트 효능을 정리해봤습니다. 목차 포카리스웨트 란 어떤 음료인가 포카리스웨트 효능 칼로리와 성분 운동할 때 마시면 좋은 이유 부작용 및 주의점 1. 포카리스웨트 란 어떤 음료인가 포카리스웨트 는 체내 수분과 비슷한 농도로 만들어진... 4",20260408,2026.04.08.,https://blog.naver.com/qzzang2030/224245027401,포카리스웨트 직접 언급 - 제로/저당/칼로리 관심,포카리스웨트 직접 언급,search_result_card,265,운동/러닝/헬스|제로/저당/다이어트,당/칼로리|기능감/효과|대체재 비교,구매 계기
포카리스웨트,포카리스웨트 효능 제대로 알기 탈수·피로회복에 좋은 이유와 올바른 섭취법 1. 포카리스웨트 란 무엇인가 포카리스웨트 는 체내 수분과 전해질 균형을 빠르게 회복하도록 설계된 이온음료이다. 일반 음료와 달리 우리 몸의 체액과 유사한 농도로 만들어져 흡수가 빠르다는 특징이 있다. 주요 성분은 다음과 같다. 나트륨 칼륨 칼슘 마그네슘 포도당 이러한 구성은 단순한...,따뜻하게 향기롭게 회복되는공간 영종도아로마마사지 Keep에 저장 Keep에 바로가기 포카리스웨트 효능 제대로 알기 탈수·피로회복에 좋은 이유와 올바른 섭취법 5,포카리스웨트 효능 제대로 알기 탈수·피로회복에 좋은 이유와 올바른 섭취법 1. 포카리스웨트 란 무엇인가 포카리스웨트 는 체내 수분과 전해질 균형을 빠르게 회복하도록 설계된 이온음료이다. 일반 음료와 달리 우리 몸의 체액과 유사한 농도로 만들어져 흡수가 빠르다는 특징이 있다. 주요 성분은 다음과 같다. 나트륨 칼륨 칼슘 마그네슘 포도당 이러한 구성은 단순한... 따뜻하게 향기롭게 회복되는공간 영종도아로마마사지 Keep에 저장 Keep에 바로가기 포카리스웨트 효능 제대로 알기 탈수·피로회복에 좋은 이유와 올바른 섭취법 5,20260408,2026.04.08.,https://blog.naver.com/whiteday365/224245694426,포카리스웨트 직접 언급 - 일반,포카리스웨트 직접 언급,search_result_card,292,더위/갈증/수분보충|감기/몸살/컨디션 회복,맛|당/칼로리|기능감/효과,미분류
포카리스웨트,"가루 분말형 포카리스웨트 칼로리와 맛 먹어본 후기 가루형 포카리스웨트 ㅣ이온음료분말ㅣ 포카리스웨트 분말 갈증이 깊어지는 시기에는 체내 수분과 전해질을 빠르게 채워주는 음료가 필요합니다. 시중에서 흔히 볼 수 있는 페트병 제품도 좋지만, 휴대성과 보관성을 고려한다면 가루 형태의 제품도 나쁘지 않은거 같았습니다. 사실 신기하시도 하고 ㅋㅋ 가방의 부피를...",먹고 노는게 최고 15.5만 인용 Keep에 저장 Keep에 바로가기 가루 분말형 포카리스웨트 칼로리와 맛 먹어본 후기 9,"가루 분말형 포카리스웨트 칼로리와 맛 먹어본 후기 가루형 포카리스웨트 ㅣ이온음료분말ㅣ 포카리스웨트 분말 갈증이 깊어지는 시기에는 체내 수분과 전해질을 빠르게 채워주는 음료가 필요합니다. 시중에서 흔히 볼 수 있는 페트병 제품도 좋지만, 휴대성과 보관성을 고려한다면 가루 형태의 제품도 나쁘지 않은거 같았습니다. 사실 신기하시도 하고 ㅋㅋ 가방의 부피를... 먹고 노는게 최고 15.5만 인용 Keep에 저장 Keep에 바로가기 가루 분말형 포카리스웨트 칼로리와 맛 먹어본 후기 9",20260416,2026.04.16.,https://blog.naver.com/kscjjang1616/224253817772,포카리스웨트 직접 언급 - 제로/저당/칼로리 관심,포카리스웨트 직접 언급,search_result_card,268,더위/갈증/수분보충|제로/저당/다이어트,맛|용량/패키지|당/칼로리|기능감/효과,미분류
포카리스웨트,포카리스웨트 분말 구매후기 입짧은사람 추천,맛집따라 여행하는 주기록 Keep에 저장 Keep에 바로가기 다만 장점은 비율 조절이 가능하다는 점 포카리 가 싱겁다는 생각을 한번도 해본적이 없는데 남편이 물을 살짝 적게 넣어 만들어 놓은걸 마셔봤더니.. 이게 맞는 느낌ㅋㅋㅋㅋ 간간하게 드시는 분들께 특히 추천드리는 포카리스웨트 분말! 음료를 한번에 많이 못마시는 분들께 특히나 추천드리며 짧은 후기 마무리할게요 포카리스웨트 분말 정보가 궁금하신 분들은... 10,포카리스웨트 분말 구매후기 입짧은사람 추천 맛집따라 여행하는 주기록 Keep에 저장 Keep에 바로가기 다만 장점은 비율 조절이 가능하다는 점 포카리 가 싱겁다는 생각을 한번도 해본적이 없는데 남편이 물을 살짝 적게 넣어 만들어 놓은걸 마셔봤더니.. 이게 맞는 느낌ㅋㅋㅋㅋ 간간하게 드시는 분들께 특히 추천드리는 포카리스웨트 분말! 음료를 한번에 많이 못마시는 분들께 특히나 추천드리며 짧은 후기 마무리할게요 포카리스웨트 분말 정보가 궁금하신 분들은... 10,20250531,2025.05.31.,https://blog.naver.com/garam2221/223884265771,포카리스웨트 직접 언급 - 일반,포카리스웨트 직접 언급,search_result_card,257,미분류,맛|용량/패키지,구매 계기|재구매/추천
포카리스웨트,포카리스웨트 효능 알고 똑똑하게 마시자!,"한끼뇸뇸 Keep에 저장 Keep에 바로가기 포카리스웨트 효능: 빠른 수분 보충 포카리 를 떠올리면 제일 먼저 생각나는 게 바로 ‘수분 보충’일 거예요. 포카리스웨트 는 체액과 농도가 비슷하게 만들어져 있어서 그냥 물보다 흡수가 훨씬 빨라요. 그래서 운동 후 땀을 진짜 많이 흘렸을 때 물만 마시면 계속 목이 마른 느낌이 드는데, 포카리 는 갈증을 좀 더 빠르게 잡아주는 느낌이 있어요. 다만 평소에 물 대신 매일... 8","포카리스웨트 효능 알고 똑똑하게 마시자! 한끼뇸뇸 Keep에 저장 Keep에 바로가기 포카리스웨트 효능: 빠른 수분 보충 포카리 를 떠올리면 제일 먼저 생각나는 게 바로 ‘수분 보충’일 거예요. 포카리스웨트 는 체액과 농도가 비슷하게 만들어져 있어서 그냥 물보다 흡수가 훨씬 빨라요. 그래서 운동 후 땀을 진짜 많이 흘렸을 때 물만 마시면 계속 목이 마른 느낌이 드는데, 포카리 는 갈증을 좀 더 빠르게 잡아주는 느낌이 있어요. 다만 평소에 물 대신 매일... 8",20251206,2025.12.06.,https://blog.naver.com/hanggi_yumyum/224099799456,포카리스웨트 직접 언급 - 일반,포카리스웨트 직접 언급,search_result_card,259,운동/러닝/헬스|더위/갈증/수분보충,기능감/효과|대체재 비교,재구매/추천
포카리스웨트,이온음료 포카리스웨트 효과 특징 칼로리 영양성분 정리,"후운 99.4만 인용 Keep에 저장 Keep에 바로가기 포카리스웨트 총 내용량 240mL (60kcal) 나트륨 120mg (6%) 탄수화물 14g (4%) 당류 14g (14%) 지방 0g (0%) 트랜스지방 0g 포화지방 0g (0%) 콜레스테롤 0mg (0%) 단백질 0g (0%) 이온음료로 포카리 와 함께 유명한 게토레이와 비교해보자면, 포카리스웨트 는 수분과 전해질 균형 최적화 / 부드럽게 흡수되어 부담이 적다는 점이 장점, 게토레이는 단맛+당분으로 빠르게 에너지를 보충할 수... 5","이온음료 포카리스웨트 효과 특징 칼로리 영양성분 정리 후운 99.4만 인용 Keep에 저장 Keep에 바로가기 포카리스웨트 총 내용량 240mL (60kcal) 나트륨 120mg (6%) 탄수화물 14g (4%) 당류 14g (14%) 지방 0g (0%) 트랜스지방 0g 포화지방 0g (0%) 콜레스테롤 0mg (0%) 단백질 0g (0%) 이온음료로 포카리 와 함께 유명한 게토레이와 비교해보자면, 포카리스웨트 는 수분과 전해질 균형 최적화 / 부드럽게 흡수되어 부담이 적다는 점이 장점, 게토레이는 단맛+당분으로 빠르게 에너지를 보충할 수... 5",20260418,2026.04.18.,https://blog.naver.com/whwogns135/224060471969,포카리스웨트 직접 언급 - 제로/저당/칼로리 관심,포카리스웨트 직접 언급,search_result_card,309,제로/저당/다이어트,맛|용량/패키지|당/칼로리|기능감/효과|브랜드 신뢰|대체재 비교,미분류
포카리스웨트,포카리스웨트 무라벨 340ml 대용량 제품 리뷰,"꿀템리뷰왕 Keep에 저장 Keep에 바로가기 저도 요즘 무더위를 이기기 위해 시원한 음료를 찾는데, 그중에서도 포카리스웨트 무라벨 340ml가 정말 좋은 선택이더라고요. 이 제품이 어떤 매력이 있는지 함께 살펴보아야겠어요! 포카리스웨트 무라벨 340ml의 주요 특징 포카리스웨트 무라벨 340ml는 환경을 생각한 무라벨 디자인으로, 깔끔한 패키지가 매력적인 제품이랍니다. 340ml의 용량은 한 번에 마시기에 적당해... 29","포카리스웨트 무라벨 340ml 대용량 제품 리뷰 꿀템리뷰왕 Keep에 저장 Keep에 바로가기 저도 요즘 무더위를 이기기 위해 시원한 음료를 찾는데, 그중에서도 포카리스웨트 무라벨 340ml가 정말 좋은 선택이더라고요. 이 제품이 어떤 매력이 있는지 함께 살펴보아야겠어요! 포카리스웨트 무라벨 340ml의 주요 특징 포카리스웨트 무라벨 340ml는 환경을 생각한 무라벨 디자인으로, 깔끔한 패키지가 매력적인 제품이랍니다. 340ml의 용량은 한 번에 마시기에 적당해... 29",20250802,2025.08.02.,https://blog.naver.com/utism3608/223956259752,포카리스웨트 직접 언급 - 일반,포카리스웨트 직접 언급,search_result_card,266,더위/갈증/수분보충,맛|용량/패키지|당/칼로리,미분류
포카리스웨트,"포카리스웨트 이온음료 추천, 운동 후 수분 보충에 딱!","탐욕덩어리 Keep에 저장 Keep에 바로가기 이럴 때 찾게 되는 병 음료 중에서 많은 사람들이 꾸준히 손에 드는 게 바로 포카리 계열입니다. 그중에서도 포카리스웨트 는 이름처럼 친숙하고, 일상에서 부담 없이 집·사무실·체육관 어디에 두고 마시기 좋다는 점이 매력 포인트예요. 가볍게 마셔도 속이 편하고, 바빠서 식사 타이밍이 어긋났을 때도 목을 축이기 좋다는 의견이 많습니다. 이 글은 이온음료 추천... 5","포카리스웨트 이온음료 추천, 운동 후 수분 보충에 딱! 탐욕덩어리 Keep에 저장 Keep에 바로가기 이럴 때 찾게 되는 병 음료 중에서 많은 사람들이 꾸준히 손에 드는 게 바로 포카리 계열입니다. 그중에서도 포카리스웨트 는 이름처럼 친숙하고, 일상에서 부담 없이 집·사무실·체육관 어디에 두고 마시기 좋다는 점이 매력 포인트예요. 가볍게 마셔도 속이 편하고, 바빠서 식사 타이밍이 어긋났을 때도 목을 축이기 좋다는 의견이 많습니다. 이 글은 이온음료 추천... 5",20250907,2025.09.07.,https://blog.naver.com/hahajhgggg/223998530796,포카리스웨트 직접 언급 - 일반,포카리스웨트 직접 언급,search_result_card,260,운동/러닝/헬스|더위/갈증/수분보충|감기/몸살/컨디션 회복|일상 음료,용량/패키지|기능감/효과|브랜드 신뢰,재구매/추천
포카리스웨트,포카리스웨트 효능 성분 운동할 때 마시는 음료,"포카리스웨트 의 효능 안녕하세요 에리카입니다 오늘은 우리에게 너무나 친숙한 파란색 아이콘, 포카리스웨트 에 대해 알아보려고해요! 목이 마를 때나 운동 후에 많이들... 포카리스웨트 의 정체와 성분 분석 2. 포카리스웨트 효능: 왜 수분 보충에 탁월할까? 3. 물 대신 마셔도 괜찮을까? 주의사항 정리 4. 상황별 섭취 가이드와 올바른 활용법 목차 포카리스웨트 의 정체와...","포카리스웨트 효능 성분 운동할 때 마시는 음료 포카리스웨트 의 효능 안녕하세요 에리카입니다 오늘은 우리에게 너무나 친숙한 파란색 아이콘, 포카리스웨트 에 대해 알아보려고해요! 목이 마를 때나 운동 후에 많이들... 포카리스웨트 의 정체와 성분 분석 2. 포카리스웨트 효능: 왜 수분 보충에 탁월할까? 3. 물 대신 마셔도 괜찮을까? 주의사항 정리 4. 상황별 섭취 가이드와 올바른 활용법 목차 포카리스웨트 의 정체와...",20260611,오늘,https://blog.naver.com/bookmarkdiary/224245155060,포카리스웨트 직접 언급 - 일반,포카리스웨트 직접 언급,search_result_card,235,운동/러닝/헬스|더위/갈증/수분보충|어린이/가족,기능감/효과|대체재 비교,재구매/추천
포카리스웨트,포카리스웨트 효능 분말 나트륨은 장염 당뇨에 효과,은주의 뷰티 블로그 Keep에 저장 Keep에 바로가기 그럴 때 가장 먼저 손이 가는 '국민 이온음료' 포카리스웨트 에 대해 심도 있게 다뤄보겠습니다. 목차 1. 포카리스웨트 효능과 성분 2. 분말 타입 / 완제품 차이 3. 장염 환자에게 나트륨의 역할 4. 당뇨 환자에게 섭취 가이드 5. 올바른 이온음료 음용법 1. 포카리스웨트 효능과 성분 포카리스웨트 는 우리 몸의 체액(수분과 전해질)과 가장 유사한 밸런스를 가진 음료로... 4,포카리스웨트 효능 분말 나트륨은 장염 당뇨에 효과 은주의 뷰티 블로그 Keep에 저장 Keep에 바로가기 그럴 때 가장 먼저 손이 가는 '국민 이온음료' 포카리스웨트 에 대해 심도 있게 다뤄보겠습니다. 목차 1. 포카리스웨트 효능과 성분 2. 분말 타입 / 완제품 차이 3. 장염 환자에게 나트륨의 역할 4. 당뇨 환자에게 섭취 가이드 5. 올바른 이온음료 음용법 1. 포카리스웨트 효능과 성분 포카리스웨트 는 우리 몸의 체액(수분과 전해질)과 가장 유사한 밸런스를 가진 음료로... 4,20260408,2026.04.08.,https://blog.naver.com/lejhomecafe/224245679284,포카리스웨트 직접 언급 - 일반,포카리스웨트 직접 언급,search_result_card,272,감기/몸살/컨디션 회복,용량/패키지|당/칼로리|기능감/효과|브랜드 신뢰,미분류
포카리스웨트,물보다 프리미엄 포카리스웨트 이온워터 저칼로리&저당,"당신의 'IF'는? Keep에 저장 Keep에 바로가기 그냥 포카리스웨트 아냐? 네, 아니예요. 오리지널 포카리스웨트 랑은 다른 포카리스웨트 이온워터 입니다. 먼저 결론부터 말씀드리면 일반 포카리스웨트 보다 저칼로리, 저당의 프리미엄 포카리스웨트 라고 생각하시면 됩니다. 포카리스웨트 오리지날 칼로리 120kcal / 500ml ( 60kcaㅣ 라고 적혀있는 건 2회 제공량으로 나뉘어서 적혀있어서 입니다. ) 포카리스웨트 이온워터... 15","물보다 프리미엄 포카리스웨트 이온워터 저칼로리&저당 당신의 'IF'는? Keep에 저장 Keep에 바로가기 그냥 포카리스웨트 아냐? 네, 아니예요. 오리지널 포카리스웨트 랑은 다른 포카리스웨트 이온워터 입니다. 먼저 결론부터 말씀드리면 일반 포카리스웨트 보다 저칼로리, 저당의 프리미엄 포카리스웨트 라고 생각하시면 됩니다. 포카리스웨트 오리지날 칼로리 120kcal / 500ml ( 60kcaㅣ 라고 적혀있는 건 2회 제공량으로 나뉘어서 적혀있어서 입니다. ) 포카리스웨트 이온워터... 15",20210406,2021.04.06.,https://blog.naver.com/hyoeth/222299794020,포카리스웨트 직접 언급 - 제로/저당/칼로리 관심,포카리스웨트 직접 언급,detail_body,1951,운동/러닝/헬스|더위/갈증/수분보충|감기/몸살/컨디션 회복|일상 음료|제로/저당/다이어트,맛|용량/패키지|당/칼로리|대체재 비교,구매 계기|재구매/추천|불만/개선점
포카리스웨트,포카리스웨트 설탕 칼로리 괜찮을까?,당히 Keep에 저장 Keep에 바로가기 오츠카 라는 일본 회사와 우리나라의 동아제약의 합작회사인 에서 만들고 있습니다. 포카리 스웨트 의 뜻은 스웨트 = 땀 포카리 는 신조어라 하네요. 체액과 가장 유사한 포카리스웨트 !! 땀 많이 흘리거나 목 마를 때 마시면 물 보다 좋은 것 같아요 #당히 # 포카리스웨트 설탕 # 포카리스웨트 소금 # 포카리스웨트 일본 # 포카리스웨트 칼로리 10,포카리스웨트 설탕 칼로리 괜찮을까? 당히 Keep에 저장 Keep에 바로가기 오츠카 라는 일본 회사와 우리나라의 동아제약의 합작회사인 에서 만들고 있습니다. 포카리 스웨트 의 뜻은 스웨트 = 땀 포카리 는 신조어라 하네요. 체액과 가장 유사한 포카리스웨트 !! 땀 많이 흘리거나 목 마를 때 마시면 물 보다 좋은 것 같아요 #당히 # 포카리스웨트 설탕 # 포카리스웨트 소금 # 포카리스웨트 일본 # 포카리스웨트 칼로리 10,20231004,2023.10.04.,https://blog.naver.com/milky_min/223228276163,포카리스웨트 직접 언급 - 제로/저당/칼로리 관심,포카리스웨트 직접 언급,search_result_card,236,운동/러닝/헬스|더위/갈증/수분보충|일상 음료|제로/저당/다이어트,당/칼로리|대체재 비교,재구매/추천
포카리스웨트,포카리스웨트 효능 장점 단점 부작용 분말 칼로리 당뇨에 좋은가? 알아볼까요,"여름철이나 운동 후 갈증이 날 때, 많은 분들이 가장 먼저 찾는 음료 중 하나가 바로 포카리스웨트 일 거예요. 저 역시 외출할 때나 운동 후 땀을 많이 흘렸을 때 분말형 포카리스웨트 를 즐겨 타 마시곤 하는데요. 오늘은 포카리스웨트 의 효능과 부작용, 분말 제품의 장점, 칼로리 정보, 그리고 당뇨와의 관계까지 꼼꼼하게 살펴보려고 합니다. 포카리스웨트 는 일본...","포카리스웨트 효능 장점 단점 부작용 분말 칼로리 당뇨에 좋은가? 알아볼까요 여름철이나 운동 후 갈증이 날 때, 많은 분들이 가장 먼저 찾는 음료 중 하나가 바로 포카리스웨트 일 거예요. 저 역시 외출할 때나 운동 후 땀을 많이 흘렸을 때 분말형 포카리스웨트 를 즐겨 타 마시곤 하는데요. 오늘은 포카리스웨트 의 효능과 부작용, 분말 제품의 장점, 칼로리 정보, 그리고 당뇨와의 관계까지 꼼꼼하게 살펴보려고 합니다. 포카리스웨트 는 일본...",20260611,오늘,https://blog.naver.com/phone82876/223979757834,포카리스웨트 직접 언급 - 제로/저당/칼로리 관심,포카리스웨트 직접 언급,search_result_card,246,운동/러닝/헬스|더위/갈증/수분보충|일상 음료|제로/저당/다이어트,용량/패키지|당/칼로리|기능감/효과|브랜드 신뢰,미분류
포카리스웨트,"포카리스웨트 분말 75g 5입 일본 직수입의 활용법 포카리스웨트 분말은 물에 타서 마시기 편리한 일본 직수입 제품이에요. 분말타입이라 휴대하기 쉽고, 언제 어디서나 수분 보충이... 일본에서 직수입된 포카리스웨트 분말은 신선도와 품질이 믿음직스러워요. https://naver.me/59leOSlt 일상에서 자주 마시는 포카리스웨트 분말은 자연스럽게 수분 섭취를 도와줘요. 가볍게...",나는문제없어 Keep에 저장 Keep에 바로가기 포카리스웨트 분말 75g 5입 일본 직수입의 활용법 3,"포카리스웨트 분말 75g 5입 일본 직수입의 활용법 포카리스웨트 분말은 물에 타서 마시기 편리한 일본 직수입 제품이에요. 분말타입이라 휴대하기 쉽고, 언제 어디서나 수분 보충이... 일본에서 직수입된 포카리스웨트 분말은 신선도와 품질이 믿음직스러워요. https://naver.me/59leOSlt 일상에서 자주 마시는 포카리스웨트 분말은 자연스럽게 수분 섭취를 도와줘요. 가볍게... 나는문제없어 Keep에 저장 Keep에 바로가기 포카리스웨트 분말 75g 5입 일본 직수입의 활용법 3",20260503,2026.05.03.,https://blog.naver.com/hhgat/224273364848,포카리스웨트 직접 언급 - 일반,포카리스웨트 직접 언급,search_result_card,273,더위/갈증/수분보충|일상 음료,용량/패키지|기능감/효과,재구매/추천
