platform,category,ranking_type,ranking_label,rank,product_name,product_key,price,original_price,discount_rate,discount_amount,delivery_type,review_count,rating,price_group,review_group,is_top20,duplicate_in_ranking_type,duplicate_in_platform,duplicate_overall,collected_date,source_file
coupang,헬스/건강식품,coupang_rank,쿠팡랭킹순,1,"종근당 정품 칼슘 앤 마그네슘 비타민D 아연, 180정, 1개",종근당 칼슘 앤 마그네슘 비타민d 아연,13730,,0,,로켓배송,181066,5.0,low_price,high_review,True,False,True,True,2026-06-01,2026-06-01-12-19-33-쿠팡-헬스-건강식품-쿠팡랭킹순.xlsx
coupang,헬스/건강식품,coupang_rank,쿠팡랭킹순,2,"아임비타 종근당건강 멀티비타민 이뮨샷 7 164.36g, 7회분, 1개",아임비타 종근당건강 멀티비타민 이뮨샷 7 164 36g,13450,20900.0,35,7450.0,로켓배송,8718,5.0,low_price,mid_review,True,False,True,True,2026-06-01,2026-06-01-12-19-33-쿠팡-헬스-건강식품-쿠팡랭킹순.xlsx
coupang,헬스/건강식품,coupang_rank,쿠팡랭킹순,3,"고려은단 비타민C 1000 + 쇼핑백, 180정, 1개",고려은단 비타민c 1000 쇼핑백,17150,,0,,로켓배송,280748,5.0,low_price,high_review,True,False,False,False,2026-06-01,2026-06-01-12-19-33-쿠팡-헬스-건강식품-쿠팡랭킹순.xlsx
coupang,헬스/건강식품,coupang_rank,쿠팡랭킹순,4,"락토핏 정품 골드 80포, 160g, 1개",락토핏 골드 160g,18500,28500.0,35,10000.0,로켓배송,255121,5.0,low_price,high_review,True,False,False,False,2026-06-01,2026-06-01-12-19-33-쿠팡-헬스-건강식품-쿠팡랭킹순.xlsx
coupang,헬스/건강식품,coupang_rank,쿠팡랭킹순,5,"그린몬스터 맥스 칼슘 마그네슘 비타민D 아연 3개월분, 90정, 1개",그린몬스터 맥스 칼슘 마그네슘 비타민d 아연,6500,20000.0,67,13500.0,로켓배송,3757,5.0,low_price,low_review,True,False,False,False,2026-06-01,2026-06-01-12-19-33-쿠팡-헬스-건강식품-쿠팡랭킹순.xlsx
coupang,헬스/건강식품,coupang_rank,쿠팡랭킹순,6,"아이클리어 루테인지아잔틴, 30정, 1개",아이클리어 루테인지아잔틴,8190,16900.0,51,8710.0,로켓배송,176706,5.0,low_price,high_review,True,False,True,True,2026-06-01,2026-06-01-12-19-33-쿠팡-헬스-건강식품-쿠팡랭킹순.xlsx
coupang,헬스/건강식품,coupang_rank,쿠팡랭킹순,7,"헬로바이오 맥스 비타민C 3000 30p, 90g, 1개",헬로바이오 맥스 비타민c 3000 30p 90g,4500,7900.0,43,3400.0,로켓배송,4269,5.0,low_price,low_review,True,False,False,False,2026-06-01,2026-06-01-12-19-33-쿠팡-헬스-건강식품-쿠팡랭킹순.xlsx
coupang,헬스/건강식품,coupang_rank,쿠팡랭킹순,8,"종근당건강 헬씨칸 로얄 영양제, 30정, 1개",종근당건강 헬씨칸 로얄 영양제,7000,16000.0,56,9000.0,로켓배송,33921,5.0,low_price,high_review,True,False,False,False,2026-06-01,2026-06-01-12-19-33-쿠팡-헬스-건강식품-쿠팡랭킹순.xlsx
coupang,헬스/건강식품,coupang_rank,쿠팡랭킹순,9,"메가도스 D 비타민D3 4000IU, 90정, 1개",메가도스 d 비타민d3 4000iu,9900,,0,,로켓배송,11813,5.0,low_price,mid_review,True,False,True,True,2026-06-01,2026-06-01-12-19-33-쿠팡-헬스-건강식품-쿠팡랭킹순.xlsx
coupang,헬스/건강식품,coupang_rank,쿠팡랭킹순,10,"그린몬스터 다이어트 스페셜 2 가르시니아 900, 112정, 1개",그린몬스터 다이어트 스페셜 2 가르시니아 900,12700,32000.0,60,19300.0,로켓배송,46685,4.5,low_price,high_review,True,False,False,False,2026-06-01,2026-06-01-12-19-33-쿠팡-헬스-건강식품-쿠팡랭킹순.xlsx
coupang,헬스/건강식품,coupang_rank,쿠팡랭킹순,11,"뉴트리디데이 프리미엄 칼슘 마그네슘 아연 비타민D, 90정, 1개",뉴트리디데이 프리미엄 칼슘 마그네슘 아연 비타민d,10900,16500.0,33,5600.0,로켓배송,66991,5.0,low_price,high_review,True,False,False,False,2026-06-01,2026-06-01-12-19-33-쿠팡-헬스-건강식품-쿠팡랭킹순.xlsx
coupang,헬스/건강식품,coupang_rank,쿠팡랭킹순,12,"헬로바이오 맥스 비타민C 3000 90p, 270g, 1개",헬로바이오 맥스 비타민c 3000 90p 270g,10000,19900.0,49,9900.0,로켓배송,4269,5.0,low_price,low_review,True,False,False,False,2026-06-01,2026-06-01-12-19-33-쿠팡-헬스-건강식품-쿠팡랭킹순.xlsx
coupang,헬스/건강식품,coupang_rank,쿠팡랭킹순,13,"종근당건강 알티지 오메가3 듀얼, 60정, 1개",종근당건강 알티지 오메가3 듀얼,9790,12900.0,24,3110.0,로켓배송,122909,5.0,low_price,high_review,True,False,True,True,2026-06-01,2026-06-01-12-19-33-쿠팡-헬스-건강식품-쿠팡랭킹순.xlsx
coupang,헬스/건강식품,coupang_rank,쿠팡랭킹순,14,"락토핏 키즈 유산균, 60회분, 120g, 2개",락토핏 키즈 유산균 120g,24500,49800.0,50,25300.0,로켓배송,68766,5.0,mid_price,high_review,True,False,True,True,2026-06-01,2026-06-01-12-19-33-쿠팡-헬스-건강식품-쿠팡랭킹순.xlsx
coupang,헬스/건강식품,coupang_rank,쿠팡랭킹순,15,"헬로바이오 혈압 항산화 케어 프리미엄 코큐텐 코엔자임Q10 30g, 60정, 1개",헬로바이오 혈압 항산화 케어 프리미엄 코큐텐 코엔자임q10 30g,9400,9900.0,5,500.0,로켓배송,1182,5.0,low_price,low_review,True,False,True,True,2026-06-01,2026-06-01-12-19-33-쿠팡-헬스-건강식품-쿠팡랭킹순.xlsx
coupang,헬스/건강식품,coupang_rank,쿠팡랭킹순,16,"잔티바 프리미엄 비타민C 1100, 20정, 1개",잔티바 프리미엄 비타민c 1100,3500,,0,,로켓배송,1742,5.0,low_price,low_review,True,False,False,False,2026-06-01,2026-06-01-12-19-33-쿠팡-헬스-건강식품-쿠팡랭킹순.xlsx
coupang,헬스/건강식품,coupang_rank,쿠팡랭킹순,17,"락토핏 다이어트 유산균 60p, 120g, 1개",락토핏 다이어트 유산균 60p 120g,15300,25900.0,40,10600.0,로켓배송,13460,5.0,low_price,mid_review,True,False,True,True,2026-06-01,2026-06-01-12-19-33-쿠팡-헬스-건강식품-쿠팡랭킹순.xlsx
coupang,헬스/건강식품,coupang_rank,쿠팡랭킹순,18,"베베모린 뽀롱뽀롱 뽀로로 복숭아맛 비타민C, 50정, 3개",베베모린 뽀롱뽀롱 뽀로로 복숭아맛 비타민c,6090,,0,,로켓배송,14219,5.0,low_price,mid_review,True,False,True,True,2026-06-01,2026-06-01-12-19-33-쿠팡-헬스-건강식품-쿠팡랭킹순.xlsx
coupang,헬스/건강식품,coupang_rank,쿠팡랭킹순,19,"락토핏 생유산균 키즈, 60회분, 120g, 1개",락토핏 생유산균 키즈 120g,12780,,0,,로켓배송,68766,5.0,low_price,high_review,True,False,False,False,2026-06-01,2026-06-01-12-19-33-쿠팡-헬스-건강식품-쿠팡랭킹순.xlsx
coupang,헬스/건강식품,coupang_rank,쿠팡랭킹순,20,"순수식품 rTG 오메가3 비타민D 1000mg, 60정, 3개",순수식품 rtg 오메가3 비타민d 1000mg,23990,45000.0,46,21010.0,판매자로켓,9768,4.5,mid_price,mid_review,True,False,True,True,2026-06-01,2026-06-01-12-19-33-쿠팡-헬스-건강식품-쿠팡랭킹순.xlsx
coupang,헬스/건강식품,coupang_rank,쿠팡랭킹순,21,"헬로바이오 프리미엄 철분제, 90정, 1개",헬로바이오 프리미엄 철분제,8400,,0,,로켓배송,1172,5.0,low_price,low_review,False,False,True,True,2026-06-01,2026-06-01-12-19-33-쿠팡-헬스-건강식품-쿠팡랭킹순.xlsx
coupang,헬스/건강식품,coupang_rank,쿠팡랭킹순,22,"락토핏 생유산균 코어, 120g, 1개",락토핏 생유산균 코어 120g,12200,,0,,로켓배송,80335,5.0,low_price,high_review,False,False,False,False,2026-06-01,2026-06-01-12-19-33-쿠팡-헬스-건강식품-쿠팡랭킹순.xlsx
coupang,헬스/건강식품,coupang_rank,쿠팡랭킹순,23,"동화약품 코엔자임 큐10 코큐텐 맥스 혈압 항산화 케어 관리 조절 30g, 60정, 1개",동화약품 코엔자임 큐10 코큐텐 맥스 혈압 항산화 케어 관리 조절 30g,14450,30000.0,51,15550.0,로켓배송,7456,5.0,low_price,mid_review,False,False,True,True,2026-06-01,2026-06-01-12-19-33-쿠팡-헬스-건강식품-쿠팡랭킹순.xlsx
coupang,헬스/건강식품,coupang_rank,쿠팡랭킹순,24,"얼라이브 원스데일리 포 우먼 멀티비타민, 30정, 1개",얼라이브 원스데일리 포 우먼 멀티비타민,12900,,0,,로켓배송,42561,5.0,low_price,high_review,False,False,True,True,2026-06-01,2026-06-01-12-19-33-쿠팡-헬스-건강식품-쿠팡랭킹순.xlsx
coupang,헬스/건강식품,coupang_rank,쿠팡랭킹순,25,"닥터린 정품 초임계 알티지 오메가3 알파, 30정, 1개",닥터린 초임계 알티지 오메가3 알파,9400,12300.0,23,2900.0,로켓배송,39313,5.0,low_price,high_review,False,False,True,True,2026-06-01,2026-06-01-12-19-33-쿠팡-헬스-건강식품-쿠팡랭킹순.xlsx
coupang,헬스/건강식품,coupang_rank,쿠팡랭킹순,26,"종근당 차전자피 식이섬유 30개입, 204g, 1개",종근당 차전자피 식이섬유 204g,18900,32000.0,40,13100.0,로켓배송,42658,4.5,low_price,high_review,False,False,False,False,2026-06-01,2026-06-01-12-19-33-쿠팡-헬스-건강식품-쿠팡랭킹순.xlsx
coupang,헬스/건강식품,coupang_rank,쿠팡랭킹순,27,"오즈퓨어 호주 프로폴리스 스프레이, 2개, 25ml",오즈퓨어 호주 프로폴리스 스프레이 25ml,15420,23000.0,32,7580.0,판매자로켓,489,5.0,low_price,low_review,False,False,False,False,2026-06-01,2026-06-01-12-19-33-쿠팡-헬스-건강식품-쿠팡랭킹순.xlsx
coupang,헬스/건강식품,coupang_rank,쿠팡랭킹순,28,"종근당 정품 관절연골엔 뮤코다당단백 콘드로이친 1200 플러스, 60정, 2개",종근당 관절연골엔 뮤코다당단백 콘드로이친 1200 플러스,29910,60000.0,50,30090.0,로켓배송,11288,5.0,mid_price,mid_review,False,False,True,True,2026-06-01,2026-06-01-12-19-33-쿠팡-헬스-건강식품-쿠팡랭킹순.xlsx
coupang,헬스/건강식품,coupang_rank,쿠팡랭킹순,29,"종근당건강 락토핏 생유산균 맘스, 120g, 1개",종근당건강 락토핏 생유산균 맘스 120g,20020,,0,,로켓배송,8452,5.0,mid_price,mid_review,False,False,False,False,2026-06-01,2026-06-01-12-19-33-쿠팡-헬스-건강식품-쿠팡랭킹순.xlsx
coupang,헬스/건강식품,coupang_rank,쿠팡랭킹순,30,"엔젯오리진 비타프레쉬 비타민 C 앤 D 3000 꾸미, 70정, 1개",엔젯오리진 비타프레쉬 비타민 c 앤 d 3000 꾸미,10870,18900.0,42,8030.0,로켓배송,23129,5.0,low_price,mid_review,False,False,True,True,2026-06-01,2026-06-01-12-19-33-쿠팡-헬스-건강식품-쿠팡랭킹순.xlsx
coupang,헬스/건강식품,coupang_rank,쿠팡랭킹순,31,"정관장 정품 홍삼진고바이탈스틱 5p + 쇼핑백, 300g, 1개",정관장 홍삼진고바이탈스틱 5p 쇼핑백 300g,36000,45000.0,20,9000.0,로켓배송,3721,5.0,mid_price,low_review,False,False,False,False,2026-06-01,2026-06-01-12-19-33-쿠팡-헬스-건강식품-쿠팡랭킹순.xlsx
coupang,헬스/건강식품,coupang_rank,쿠팡랭킹순,32,"뉴트리디데이 프리미엄 밀크씨슬 골드, 90정, 45g, 1개",뉴트리디데이 프리미엄 밀크씨슬 골드 45g,12900,23160.0,44,10260.0,로켓배송,40423,5.0,low_price,high_review,False,False,True,True,2026-06-01,2026-06-01-12-19-33-쿠팡-헬스-건강식품-쿠팡랭킹순.xlsx
coupang,헬스/건강식품,coupang_rank,쿠팡랭킹순,33,"센트룸 정품 멀티 구미 비타민, 80정, 1개",센트룸 멀티 구미 비타민,21230,26000.0,18,4770.0,로켓배송,45697,5.0,mid_price,high_review,False,False,True,True,2026-06-01,2026-06-01-12-19-33-쿠팡-헬스-건강식품-쿠팡랭킹순.xlsx
coupang,헬스/건강식품,coupang_rank,쿠팡랭킹순,34,"뉴트리디데이 다이어트 키토산 올뉴, 90정, 1개",뉴트리디데이 다이어트 키토산 올뉴,10900,16500.0,33,5600.0,로켓배송,16540,4.0,low_price,mid_review,False,False,False,False,2026-06-01,2026-06-01-12-19-33-쿠팡-헬스-건강식품-쿠팡랭킹순.xlsx
coupang,헬스/건강식품,coupang_rank,쿠팡랭킹순,35,"담백하루 정품 초임계 알티지 오메가에센스 1000, 30정, 2개",담백하루 초임계 알티지 오메가에센스 1000,31370,60000.0,47,28630.0,로켓배송,12348,5.0,mid_price,mid_review,False,False,False,False,2026-06-01,2026-06-01-12-19-33-쿠팡-헬스-건강식품-쿠팡랭킹순.xlsx
coupang,헬스/건강식품,coupang_rank,쿠팡랭킹순,36,"네이처드림 활력에 좋은 비타민B 컴플렉스, 30정, 1개",네이처드림 활력에 좋은 비타민b 컴플렉스,4440,,0,,로켓배송,378,4.5,low_price,low_review,False,False,False,False,2026-06-01,2026-06-01-12-19-33-쿠팡-헬스-건강식품-쿠팡랭킹순.xlsx
coupang,헬스/건강식품,coupang_rank,쿠팡랭킹순,37,"비타할로 비타민D 2000IU, 90정, 1개",비타할로 비타민d 2000iu,4990,10200.0,51,5210.0,로켓배송,9058,5.0,low_price,mid_review,False,False,False,False,2026-06-01,2026-06-01-12-19-33-쿠팡-헬스-건강식품-쿠팡랭킹순.xlsx
coupang,헬스/건강식품,coupang_rank,쿠팡랭킹순,38,"유한메디카 징코 플러스 엔 탑 혈행 기억력 케어, 60정, 1개",유한메디카 징코 플러스 엔 탑 혈행 기억력 케어,10360,24900.0,58,14540.0,로켓배송,3117,4.5,low_price,low_review,False,False,True,True,2026-06-01,2026-06-01-12-19-33-쿠팡-헬스-건강식품-쿠팡랭킹순.xlsx
coupang,헬스/건강식품,coupang_rank,쿠팡랭킹순,39,"종근당건강 원데이21 멀티비타민 앤 미네랄, 60정, 2개",종근당건강 원데이21 멀티비타민 앤 미네랄,19500,41800.0,53,22300.0,로켓배송,58615,5.0,low_price,high_review,False,False,False,False,2026-06-01,2026-06-01-12-19-33-쿠팡-헬스-건강식품-쿠팡랭킹순.xlsx
coupang,헬스/건강식품,coupang_rank,쿠팡랭킹순,40,"뉴트리가든 비타민D3 5000IU, 180정, 1개",뉴트리가든 비타민d3 5000iu,12500,19800.0,36,7300.0,로켓배송,40466,5.0,low_price,high_review,False,False,True,True,2026-06-01,2026-06-01-12-19-33-쿠팡-헬스-건강식품-쿠팡랭킹순.xlsx
coupang,헬스/건강식품,coupang_rank,쿠팡랭킹순,41,"종근당건강 정품 비타민D 2000IU, 90정, 3개",종근당건강 비타민d 2000iu,30330,,0,,로켓배송,46735,5.0,mid_price,high_review,False,False,True,True,2026-06-01,2026-06-01-12-19-33-쿠팡-헬스-건강식품-쿠팡랭킹순.xlsx
coupang,헬스/건강식품,coupang_rank,쿠팡랭킹순,42,"아텍스 맛있는 키즈비타민 350g, 250정, 1개",아텍스 맛있는 키즈비타민 350g,12830,,0,,로켓배송,3588,5.0,low_price,low_review,False,False,False,False,2026-06-01,2026-06-01-12-19-33-쿠팡-헬스-건강식품-쿠팡랭킹순.xlsx
coupang,헬스/건강식품,coupang_rank,쿠팡랭킹순,43,"올바른건강식품 곡물효소 프로바이오틱스 블랙, 270g, 1개",올바른건강식품 곡물효소 프로바이오틱스 블랙 270g,17900,21900.0,18,4000.0,로켓배송,14137,5.0,low_price,mid_review,False,False,True,True,2026-06-01,2026-06-01-12-19-33-쿠팡-헬스-건강식품-쿠팡랭킹순.xlsx
coupang,헬스/건강식품,coupang_rank,쿠팡랭킹순,44,"락토핏 골드 유산균 선물세트, 100g, 3개",락토핏 골드 유산균 선물세트 100g,30150,31000.0,2,850.0,로켓배송,21753,5.0,mid_price,mid_review,False,False,True,True,2026-06-01,2026-06-01-12-19-33-쿠팡-헬스-건강식품-쿠팡랭킹순.xlsx
coupang,헬스/건강식품,coupang_rank,쿠팡랭킹순,45,"일양약품 프라임 칼슘 마그네슘 비타민D 아연, 180정, 1개",일양약품 프라임 칼슘 마그네슘 비타민d 아연,10850,,0,,로켓배송,4096,4.5,low_price,low_review,False,False,False,False,2026-06-01,2026-06-01-12-19-33-쿠팡-헬스-건강식품-쿠팡랭킹순.xlsx
coupang,헬스/건강식품,coupang_rank,쿠팡랭킹순,46,"아임비타 멀티비타민 데일리, 60정, 1개",아임비타 멀티비타민 데일리,9800,,0,,로켓배송,11132,5.0,low_price,mid_review,False,False,False,False,2026-06-01,2026-06-01-12-19-33-쿠팡-헬스-건강식품-쿠팡랭킹순.xlsx
coupang,헬스/건강식품,coupang_rank,쿠팡랭킹순,47,"일양약품 프라임 종합비타민 미네랄 플러스, 180정, 1개",일양약품 프라임 종합비타민 미네랄 플러스,12530,,0,,로켓배송,21847,4.5,low_price,mid_review,False,False,False,False,2026-06-01,2026-06-01-12-19-33-쿠팡-헬스-건강식품-쿠팡랭킹순.xlsx
coupang,헬스/건강식품,coupang_rank,쿠팡랭킹순,48,"종근당건강 프로메가 알티지 오메가3 듀얼, 60정, 2개",종근당건강 프로메가 알티지 오메가3 듀얼,18260,25800.0,29,7540.0,로켓배송,122909,5.0,low_price,high_review,False,False,True,True,2026-06-01,2026-06-01-12-19-33-쿠팡-헬스-건강식품-쿠팡랭킹순.xlsx
coupang,헬스/건강식품,coupang_rank,쿠팡랭킹순,49,"이너랩 차전자피 가르시니아 슬리밍 환, 110g, 1개",이너랩 차전자피 가르시니아 슬리밍 환 110g,13280,22000.0,39,8720.0,로켓배송,8997,5.0,low_price,mid_review,False,False,False,False,2026-06-01,2026-06-01-12-19-33-쿠팡-헬스-건강식품-쿠팡랭킹순.xlsx
coupang,헬스/건강식품,coupang_rank,쿠팡랭킹순,50,"솔가 엽산 800, 100정, 1개",솔가 엽산 800,18100,40000.0,54,21900.0,로켓배송,15486,5.0,low_price,mid_review,False,False,True,True,2026-06-01,2026-06-01-12-19-33-쿠팡-헬스-건강식품-쿠팡랭킹순.xlsx
coupang,헬스/건강식품,coupang_rank,쿠팡랭킹순,51,"베네틴 크레아틴 모노하이드레이트 분말 파우더 무맛, 1개, 300g",베네틴 크레아틴 모노하이드레이트 분말 파우더 무맛 300g,12900,23000.0,43,10100.0,판매자로켓,65,5.0,low_price,low_review,False,False,False,False,2026-06-01,2026-06-01-12-19-33-쿠팡-헬스-건강식품-쿠팡랭킹순.xlsx
coupang,헬스/건강식품,coupang_rank,쿠팡랭킹순,52,"비타할로 온가족 생 유산균, 300g, 1개",비타할로 온가족 생 유산균 300g,18990,27500.0,30,8510.0,로켓배송,48922,5.0,low_price,high_review,False,False,True,True,2026-06-01,2026-06-01-12-19-33-쿠팡-헬스-건강식품-쿠팡랭킹순.xlsx
coupang,헬스/건강식품,coupang_rank,쿠팡랭킹순,53,"락토핏 당케어 유산균, 120g, 1개",락토핏 당케어 유산균 120g,13730,35000.0,60,21270.0,로켓배송,20318,5.0,low_price,mid_review,False,False,True,True,2026-06-01,2026-06-01-12-19-33-쿠팡-헬스-건강식품-쿠팡랭킹순.xlsx
coupang,헬스/건강식품,coupang_rank,쿠팡랭킹순,54,"닥터블릿 정품 이뮨 올인원 멀티비타민앤미네랄 프로, 30회분, 1개",닥터블릿 이뮨 올인원 멀티비타민앤미네랄 프로,47900,109000.0,56,61100.0,로켓배송,3040,5.0,high_price,low_review,False,False,False,False,2026-06-01,2026-06-01-12-19-33-쿠팡-헬스-건강식품-쿠팡랭킹순.xlsx
coupang,헬스/건강식품,coupang_rank,쿠팡랭킹순,55,"뉴트리디데이 프리미엄 비오틴 10000, 90정, 1개",뉴트리디데이 프리미엄 비오틴 10000,12900,21500.0,40,8600.0,로켓배송,8748,5.0,low_price,mid_review,False,False,True,True,2026-06-01,2026-06-01-12-19-33-쿠팡-헬스-건강식품-쿠팡랭킹순.xlsx
coupang,헬스/건강식품,coupang_rank,쿠팡랭킹순,56,"알유21 비타민 C 4.5g, 6정, 2개",알유21 비타민 c 4 5g,6300,12000.0,47,5700.0,로켓배송,13500,5.0,low_price,mid_review,False,False,False,False,2026-06-01,2026-06-01-12-19-33-쿠팡-헬스-건강식품-쿠팡랭킹순.xlsx
coupang,헬스/건강식품,coupang_rank,쿠팡랭킹순,57,"오쏘몰 이뮨 멀티비타민, 30회분, 1개",오쏘몰 이뮨 멀티비타민,81700,,0,,로켓배송,2854,4.5,high_price,low_review,False,False,True,True,2026-06-01,2026-06-01-12-19-33-쿠팡-헬스-건강식품-쿠팡랭킹순.xlsx
coupang,헬스/건강식품,coupang_rank,쿠팡랭킹순,58,"바이탈프로그램 정품 비타민C 1000mg, 600정, 1개",바이탈프로그램 비타민c 1000mg,28360,45000.0,36,16640.0,로켓배송,68541,5.0,mid_price,high_review,False,False,True,True,2026-06-01,2026-06-01-12-19-33-쿠팡-헬스-건강식품-쿠팡랭킹순.xlsx
coupang,헬스/건강식품,coupang_rank,쿠팡랭킹순,59,"솔가 철분 25, 90정, 1개",솔가 철분 25,23470,42000.0,44,18530.0,로켓배송,23566,5.0,mid_price,mid_review,False,False,False,False,2026-06-01,2026-06-01-12-19-33-쿠팡-헬스-건강식품-쿠팡랭킹순.xlsx
coupang,헬스/건강식품,coupang_rank,쿠팡랭킹순,60,"종근당건강 프로폴리스 플러스, 60정, 1개",종근당건강 프로폴리스 플러스,7940,13900.0,42,5960.0,로켓배송,8373,4.5,low_price,mid_review,False,False,False,False,2026-06-01,2026-06-01-12-19-33-쿠팡-헬스-건강식품-쿠팡랭킹순.xlsx
coupang,헬스/건강식품,coupang_rank,쿠팡랭킹순,61,"종근당건강 프리미엄 비타C 1000플러스, 100정, 1개",종근당건강 프리미엄 비타c 1000플러스,10450,12450.0,16,2000.0,로켓배송,25532,5.0,low_price,high_review,False,False,True,True,2026-06-01,2026-06-01-12-19-33-쿠팡-헬스-건강식품-쿠팡랭킹순.xlsx
coupang,헬스/건강식품,coupang_rank,쿠팡랭킹순,62,"홀리데이즈 멀티비타민 앤 미네랄 포우먼, 90정, 1개",홀리데이즈 멀티비타민 앤 미네랄 포우먼,12900,16900.0,23,4000.0,로켓배송,3764,5.0,low_price,low_review,False,False,False,False,2026-06-01,2026-06-01-12-19-33-쿠팡-헬스-건강식품-쿠팡랭킹순.xlsx
coupang,헬스/건강식품,coupang_rank,쿠팡랭킹순,63,"정원삼 6년근 고려홍삼정 365 스틱 선물세트 + 쇼핑백, 300g, 1개",정원삼 6년근 고려홍삼정 선물세트 쇼핑백 300g,27800,39000.0,28,11200.0,로켓배송,76054,5.0,mid_price,high_review,False,False,False,False,2026-06-01,2026-06-01-12-19-33-쿠팡-헬스-건강식품-쿠팡랭킹순.xlsx
coupang,헬스/건강식품,coupang_rank,쿠팡랭킹순,64,"센트룸 우먼 더블업, 60정, 1개",센트룸 우먼 더블업,26800,29000.0,7,2200.0,로켓배송,1617,5.0,mid_price,low_review,False,False,True,True,2026-06-01,2026-06-01-12-19-33-쿠팡-헬스-건강식품-쿠팡랭킹순.xlsx
coupang,헬스/건강식품,coupang_rank,쿠팡랭킹순,65,"태양생활건강 뽀롱뽀롱 뽀로로 비타민C, 50정, 3개",태양생활건강 뽀롱뽀롱 뽀로로 비타민c,6090,,0,,로켓프레시,200,5.0,low_price,low_review,False,False,True,True,2026-06-01,2026-06-01-12-19-33-쿠팡-헬스-건강식품-쿠팡랭킹순.xlsx
coupang,헬스/건강식품,coupang_rank,쿠팡랭킹순,66,"쏘팔코사놀 1000 쏘팔메토 옥타코사놀, 120정, 1개",쏘팔코사놀 1000 쏘팔메토 옥타코사놀,78000,80000.0,2,2000.0,로켓배송,20530,4.5,high_price,mid_review,False,False,True,True,2026-06-01,2026-06-01-12-19-33-쿠팡-헬스-건강식품-쿠팡랭킹순.xlsx
coupang,헬스/건강식품,coupang_rank,쿠팡랭킹순,67,"오늘부터 슬림카페PRO, 96g, 1개",오늘부터 슬림카페pro 96g,14800,48000.0,69,33200.0,로켓배송,16171,4.5,low_price,mid_review,False,False,False,False,2026-06-01,2026-06-01-12-19-33-쿠팡-헬스-건강식품-쿠팡랭킹순.xlsx
coupang,헬스/건강식품,coupang_rank,쿠팡랭킹순,68,"함소아 비타민D 1000IU 60p, 60정, 1개",함소아 비타민d 1000iu 60p,10950,,0,,로켓배송,25250,5.0,low_price,high_review,False,False,True,True,2026-06-01,2026-06-01-12-19-33-쿠팡-헬스-건강식품-쿠팡랭킹순.xlsx
coupang,헬스/건강식품,coupang_rank,쿠팡랭킹순,69,"베베모린 뽀롱뽀롱 뽀로로 비타민C, 50정, 4개",베베모린 뽀롱뽀롱 뽀로로 비타민c,7820,,0,,로켓배송,14219,5.0,low_price,mid_review,False,False,False,False,2026-06-01,2026-06-01-12-19-33-쿠팡-헬스-건강식품-쿠팡랭킹순.xlsx
coupang,헬스/건강식품,coupang_rank,쿠팡랭킹순,70,"동화약품 에스트로타임 갱년기 여성 케어 회화나무열매 대두이소플라본 비타민D 영양제, 30정, 1개",동화약품 에스트로타임 갱년기 여성 케어 회화나무열매 대두이소플라본 비타민d 영양제,13760,20000.0,31,6240.0,로켓배송,2032,5.0,low_price,low_review,False,False,True,True,2026-06-01,2026-06-01-12-19-33-쿠팡-헬스-건강식품-쿠팡랭킹순.xlsx
coupang,헬스/건강식품,coupang_rank,쿠팡랭킹순,71,"보령 브레인 두뇌의 인지력엔 포스파티딜세린 PS 300 30g, 60정, 1개",보령 브레인 두뇌의 인지력엔 포스파티딜세린 ps 300 30g,17720,30000.0,40,12280.0,로켓배송,7204,5.0,low_price,mid_review,False,False,True,True,2026-06-01,2026-06-01-12-19-33-쿠팡-헬스-건강식품-쿠팡랭킹순.xlsx
coupang,헬스/건강식품,coupang_rank,쿠팡랭킹순,72,"익스트림 밀크씨슬 플러스, 60정, 1개",익스트림 밀크씨슬 플러스,9900,,0,,로켓배송,6342,5.0,low_price,mid_review,False,False,True,True,2026-06-01,2026-06-01-12-19-33-쿠팡-헬스-건강식품-쿠팡랭킹순.xlsx
coupang,헬스/건강식품,coupang_rank,쿠팡랭킹순,73,"데일리코어 감마리놀렌산 보라지유, 60정, 1개",데일리코어 감마리놀렌산 보라지유,11000,24000.0,54,13000.0,로켓배송,605,5.0,low_price,low_review,False,False,False,False,2026-06-01,2026-06-01-12-19-33-쿠팡-헬스-건강식품-쿠팡랭킹순.xlsx
coupang,헬스/건강식품,coupang_rank,쿠팡랭킹순,74,"대웅생명과학 생유산균 프로바이오틱스 30p, 60g, 1개",대웅생명과학 생유산균 프로바이오틱스 30p 60g,5260,10000.0,47,4740.0,로켓배송,433,4.5,low_price,low_review,False,False,False,False,2026-06-01,2026-06-01-12-19-33-쿠팡-헬스-건강식품-쿠팡랭킹순.xlsx
coupang,헬스/건강식품,coupang_rank,쿠팡랭킹순,75,"뉴트리디데이 rTG 알티지 오메가3 골드, 30정, 1개",뉴트리디데이 rtg 알티지 오메가3 골드,7900,14330.0,44,6430.0,로켓배송,3213,5.0,low_price,low_review,False,False,True,True,2026-06-01,2026-06-01-12-19-33-쿠팡-헬스-건강식품-쿠팡랭킹순.xlsx
coupang,헬스/건강식품,coupang_rank,쿠팡랭킹순,76,"엘레나 유렉스 프로바이오틱스 유산균, 60정, 1개",엘레나 유렉스 프로바이오틱스 유산균,44280,,0,,로켓배송,22663,5.0,mid_price,mid_review,False,False,True,True,2026-06-01,2026-06-01-12-19-33-쿠팡-헬스-건강식품-쿠팡랭킹순.xlsx
coupang,헬스/건강식품,coupang_rank,쿠팡랭킹순,77,"신풍제약 헬리코박터균 증식억제 위건강 스페인감초추출물 영양제, 30정, 1개",신풍제약 헬리코박터균 증식억제 위건강 스페인감초추출물 영양제,9890,15000.0,34,5110.0,판매자로켓,6479,4.5,low_price,mid_review,False,False,True,True,2026-06-01,2026-06-01-12-19-33-쿠팡-헬스-건강식품-쿠팡랭킹순.xlsx
coupang,헬스/건강식품,coupang_rank,쿠팡랭킹순,78,"황금구렁이 오리지널 차전자피 식이섬유, 153g, 1개",황금구렁이 오리지널 차전자피 식이섬유 153g,21900,39900.0,45,18000.0,로켓배송,1944,4.5,mid_price,low_review,False,False,True,True,2026-06-01,2026-06-01-12-19-33-쿠팡-헬스-건강식품-쿠팡랭킹순.xlsx
coupang,헬스/건강식품,coupang_rank,쿠팡랭킹순,79,"안국건강 아이메가 알티지 오메가3 미니, 60정, 1개",안국건강 아이메가 알티지 오메가3 미니,12900,21800.0,40,8900.0,로켓배송,1693,5.0,low_price,low_review,False,False,True,True,2026-06-01,2026-06-01-12-19-33-쿠팡-헬스-건강식품-쿠팡랭킹순.xlsx
coupang,헬스/건강식품,coupang_rank,쿠팡랭킹순,80,"서울우유 면역탄탄 칼슘 & 아연 & 비타민D 젤리스틱 14p, 1개, 280g",서울우유 면역탄탄 칼슘 아연 비타민d 젤리스틱 14p 280g,15200,16000.0,5,800.0,판매자로켓,534,5.0,low_price,low_review,False,False,False,False,2026-06-01,2026-06-01-12-19-33-쿠팡-헬스-건강식품-쿠팡랭킹순.xlsx
coupang,헬스/건강식품,coupang_rank,쿠팡랭킹순,81,"올바른건강식품 와이 케어 프로바이오틱스 VL8, 90회분, 1개",올바른건강식품 와이 케어 프로바이오틱스 vl8,13900,,0,,로켓배송,3318,5.0,low_price,low_review,False,False,False,False,2026-06-01,2026-06-01-12-19-33-쿠팡-헬스-건강식품-쿠팡랭킹순.xlsx
coupang,헬스/건강식품,coupang_rank,쿠팡랭킹순,82,"세노비스 키즈 프로폴리스 스프레이, 25ml, 1개",세노비스 키즈 프로폴리스 스프레이 25ml,10770,16000.0,32,5230.0,로켓배송,11385,5.0,low_price,mid_review,False,False,True,True,2026-06-01,2026-06-01-12-19-33-쿠팡-헬스-건강식품-쿠팡랭킹순.xlsx
coupang,헬스/건강식품,coupang_rank,쿠팡랭킹순,83,"덴프스 트루바이타민 I, 50.7g, 1개",덴프스 트루바이타민 i 50 7g,18850,19930.0,5,1080.0,로켓배송,6903,5.0,low_price,mid_review,False,False,True,True,2026-06-01,2026-06-01-12-19-33-쿠팡-헬스-건강식품-쿠팡랭킹순.xlsx
coupang,헬스/건강식품,coupang_rank,쿠팡랭킹순,84,"PRONUTRITION 정품 듀얼플랜 다이어트 유산균 14p, 35g, 1개",pronutrition 듀얼플랜 다이어트 유산균 14p 35g,39830,50000.0,20,10170.0,로켓배송,1797,4.5,mid_price,low_review,False,False,False,False,2026-06-01,2026-06-01-12-19-33-쿠팡-헬스-건강식품-쿠팡랭킹순.xlsx
coupang,헬스/건강식품,coupang_rank,쿠팡랭킹순,85,"종근당 마그네슘 플러스, 90정, 1개",종근당 마그네슘 플러스,12670,,0,,로켓배송,4379,4.5,low_price,low_review,False,False,True,True,2026-06-01,2026-06-01-12-19-33-쿠팡-헬스-건강식품-쿠팡랭킹순.xlsx
coupang,헬스/건강식품,coupang_rank,쿠팡랭킹순,86,"종근당 비타민D 1000I.U, 90정, 1개",종근당 비타민d 1000i u,8350,9900.0,15,1550.0,로켓배송,5882,5.0,low_price,mid_review,False,False,True,True,2026-06-01,2026-06-01-12-19-33-쿠팡-헬스-건강식품-쿠팡랭킹순.xlsx
coupang,헬스/건강식품,coupang_rank,쿠팡랭킹순,87,"뉴트리가든 핏 마그네슘 400, 1개, 30정",뉴트리가든 핏 마그네슘 400,5000,,0,,로켓배송,163,5.0,low_price,low_review,False,False,False,False,2026-06-01,2026-06-01-12-19-33-쿠팡-헬스-건강식품-쿠팡랭킹순.xlsx
coupang,헬스/건강식품,coupang_rank,쿠팡랭킹순,88,"메디트리 츄어블 비타민D 4000IU 아연 90g, 90정, 1개",메디트리 츄어블 비타민d 4000iu 아연 90g,9700,14900.0,34,5200.0,로켓배송,2248,5.0,low_price,low_review,False,False,True,True,2026-06-01,2026-06-01-12-19-33-쿠팡-헬스-건강식품-쿠팡랭킹순.xlsx
coupang,헬스/건강식품,coupang_rank,쿠팡랭킹순,89,"한미양행 신경엔 마그네슘, 90정, 1개",한미양행 신경엔 마그네슘,11900,,0,,로켓배송,2079,4.5,low_price,low_review,False,False,True,True,2026-06-01,2026-06-01-12-19-33-쿠팡-헬스-건강식품-쿠팡랭킹순.xlsx
coupang,헬스/건강식품,coupang_rank,쿠팡랭킹순,90,"네추럴라이즈 멀티비타민 꾸미, 60정, 1개",네추럴라이즈 멀티비타민 꾸미,12900,,0,,로켓배송,14724,5.0,low_price,mid_review,False,False,True,True,2026-06-01,2026-06-01-12-19-33-쿠팡-헬스-건강식품-쿠팡랭킹순.xlsx
coupang,헬스/건강식품,coupang_rank,쿠팡랭킹순,91,"비에날씬 BNR17 다이어트 유산균 슬림플러스, 28g, 1개",비에날씬 bnr17 다이어트 유산균 슬림플러스 28g,25900,,0,,로켓배송,3398,4.5,mid_price,low_review,False,False,True,True,2026-06-01,2026-06-01-12-19-33-쿠팡-헬스-건강식품-쿠팡랭킹순.xlsx
coupang,헬스/건강식품,coupang_rank,쿠팡랭킹순,92,"일양약품 프라임 프로바이오틱스 유산균19, 60g, 1개",일양약품 프라임 프로바이오틱스 유산균19 60g,5760,6500.0,11,740.0,로켓배송,1370,5.0,low_price,low_review,False,False,False,False,2026-06-01,2026-06-01-12-19-33-쿠팡-헬스-건강식품-쿠팡랭킹순.xlsx
coupang,헬스/건강식품,coupang_rank,쿠팡랭킹순,93,"뉴트리션메이트 비타민C 120g, 1개, 100정",뉴트리션메이트 비타민c 120g,7650,9000.0,15,1350.0,로켓배송,819,5.0,low_price,low_review,False,False,False,False,2026-06-01,2026-06-01-12-19-33-쿠팡-헬스-건강식품-쿠팡랭킹순.xlsx
coupang,헬스/건강식품,coupang_rank,쿠팡랭킹순,94,"덴프스 혈당케어 슬림 영양제, 90정, 1개",덴프스 혈당케어 슬림 영양제,10800,,0,,로켓배송,313,5.0,low_price,low_review,False,False,False,False,2026-06-01,2026-06-01-12-19-33-쿠팡-헬스-건강식품-쿠팡랭킹순.xlsx
coupang,헬스/건강식품,coupang_rank,쿠팡랭킹순,95,"순수식품 쏘팔메토 로르산 115 옥타코사놀, 60정, 3개",순수식품 쏘팔메토 로르산 115 옥타코사놀,25090,50000.0,49,24910.0,판매자로켓,5010,4.5,mid_price,mid_review,False,False,False,False,2026-06-01,2026-06-01-12-19-33-쿠팡-헬스-건강식품-쿠팡랭킹순.xlsx
coupang,헬스/건강식품,coupang_rank,쿠팡랭킹순,96,"함소아 리포퍼 철분가득 30포 1개월분, 45g, 1개",함소아 리포퍼 철분가득 45g,9900,,0,,로켓배송,1758,5.0,low_price,low_review,False,False,False,False,2026-06-01,2026-06-01-12-19-33-쿠팡-헬스-건강식품-쿠팡랭킹순.xlsx
coupang,헬스/건강식품,coupang_rank,쿠팡랭킹순,97,"잠백이 저스트 크레아틴, 300g, 1개",잠백이 저스트 크레아틴 300g,13900,,0,,로켓배송,1730,5.0,low_price,low_review,False,False,True,True,2026-06-01,2026-06-01-12-19-33-쿠팡-헬스-건강식품-쿠팡랭킹순.xlsx
coupang,헬스/건강식품,coupang_rank,쿠팡랭킹순,98,"쏘팔코사놀 1000mg 쏘팔메토, 130정, 1개",쏘팔코사놀 1000mg 쏘팔메토,84660,86660.0,2,2000.0,로켓배송,20530,4.5,high_price,mid_review,False,False,False,False,2026-06-01,2026-06-01-12-19-33-쿠팡-헬스-건강식품-쿠팡랭킹순.xlsx
coupang,헬스/건강식품,coupang_rank,쿠팡랭킹순,99,"종근당 프로바이오틱스 유산균19, 60회분, 2g, 1개",종근당 프로바이오틱스 유산균19 2g,12670,50000.0,74,37330.0,로켓배송,8483,4.5,low_price,mid_review,False,False,False,False,2026-06-01,2026-06-01-12-19-33-쿠팡-헬스-건강식품-쿠팡랭킹순.xlsx
coupang,헬스/건강식품,coupang_rank,쿠팡랭킹순,100,"코오롱제약 기억력 혈행엔 은행잎 플러스, 30정, 1개",코오롱제약 기억력 혈행엔 은행잎 플러스,5900,10600.0,44,4700.0,로켓배송,2880,4.5,low_price,low_review,False,False,False,False,2026-06-01,2026-06-01-12-19-33-쿠팡-헬스-건강식품-쿠팡랭킹순.xlsx
coupang,헬스/건강식품,coupang_sales,판매량순,1,"종근당 정품 칼슘 앤 마그네슘 비타민D 아연, 180정, 1개",종근당 칼슘 앤 마그네슘 비타민d 아연,13730,,0,,로켓배송,181067,5.0,low_price,high_review,True,False,True,True,2026-06-01,2026-06-01-12-23-19-쿠팡-헬스-건강식품-판매량순.xlsx
coupang,헬스/건강식품,coupang_sales,판매량순,2,"락토핏 다이어트 유산균 60p, 120g, 1개",락토핏 다이어트 유산균 60p 120g,15300,25900.0,40,10600.0,로켓배송,13460,5.0,low_price,mid_review,True,False,True,True,2026-06-01,2026-06-01-12-23-19-쿠팡-헬스-건강식품-판매량순.xlsx
coupang,헬스/건강식품,coupang_sales,판매량순,3,"뉴트리가든 비타민D3 5000IU, 180정, 1개",뉴트리가든 비타민d3 5000iu,12500,19800.0,36,7300.0,로켓배송,40466,5.0,low_price,high_review,True,False,True,True,2026-06-01,2026-06-01-12-23-19-쿠팡-헬스-건강식품-판매량순.xlsx
coupang,헬스/건강식품,coupang_sales,판매량순,4,"종근당건강 알티지 오메가3 듀얼, 60정, 3개",종근당건강 알티지 오메가3 듀얼,27360,38700.0,29,11340.0,로켓배송,122909,5.0,mid_price,high_review,True,False,True,True,2026-06-01,2026-06-01-12-23-19-쿠팡-헬스-건강식품-판매량순.xlsx
coupang,헬스/건강식품,coupang_sales,판매량순,5,"종근당 정품 관절연골엔 뮤코다당단백 콘드로이친 1200 플러스, 60정, 2개",종근당 관절연골엔 뮤코다당단백 콘드로이친 1200 플러스,29910,60000.0,50,30090.0,로켓배송,11288,5.0,mid_price,mid_review,True,False,True,True,2026-06-01,2026-06-01-12-23-19-쿠팡-헬스-건강식품-판매량순.xlsx
coupang,헬스/건강식품,coupang_sales,판매량순,6,"메가도스 D 비타민D3 4000IU, 90정, 1개",메가도스 d 비타민d3 4000iu,9900,,0,,로켓배송,11813,5.0,low_price,mid_review,True,False,True,True,2026-06-01,2026-06-01-12-23-19-쿠팡-헬스-건강식품-판매량순.xlsx
coupang,헬스/건강식품,coupang_sales,판매량순,7,"오쏘몰 이뮨 멀티비타민, 30회분, 1개",오쏘몰 이뮨 멀티비타민,81700,,0,,로켓배송,2854,4.5,high_price,low_review,True,False,True,True,2026-06-01,2026-06-01-12-23-19-쿠팡-헬스-건강식품-판매량순.xlsx
coupang,헬스/건강식품,coupang_sales,판매량순,8,"센트룸 우먼 더블업, 60정, 1개",센트룸 우먼 더블업,26800,29000.0,7,2200.0,로켓배송,1617,5.0,mid_price,low_review,True,False,True,True,2026-06-01,2026-06-01-12-23-19-쿠팡-헬스-건강식품-판매량순.xlsx
coupang,헬스/건강식품,coupang_sales,판매량순,9,"센트룸 실버 우먼 멀티비타민 76.7g, 50정, 1개",센트룸 실버 우먼 멀티비타민 76 7g,22950,27000.0,15,4050.0,로켓배송,20587,5.0,mid_price,mid_review,True,False,False,False,2026-06-01,2026-06-01-12-23-19-쿠팡-헬스-건강식품-판매량순.xlsx
coupang,헬스/건강식품,coupang_sales,판매량순,10,"솔가 엽산 800, 100정, 1개",솔가 엽산 800,18100,40000.0,54,21900.0,로켓배송,15486,5.0,low_price,mid_review,True,False,True,True,2026-06-01,2026-06-01-12-23-19-쿠팡-헬스-건강식품-판매량순.xlsx
coupang,헬스/건강식품,coupang_sales,판매량순,11,"뉴트리디데이 프리미엄 밀크씨슬 골드, 90정, 45g, 1개",뉴트리디데이 프리미엄 밀크씨슬 골드 45g,12900,23160.0,44,10260.0,로켓배송,40423,5.0,low_price,high_review,True,False,True,True,2026-06-01,2026-06-01-12-23-19-쿠팡-헬스-건강식품-판매량순.xlsx
coupang,헬스/건강식품,coupang_sales,판매량순,12,"잠백이 저스트 크레아틴, 300g, 1개",잠백이 저스트 크레아틴 300g,13900,,0,,로켓배송,1730,5.0,low_price,low_review,True,False,True,True,2026-06-01,2026-06-01-12-23-19-쿠팡-헬스-건강식품-판매량순.xlsx
coupang,헬스/건강식품,coupang_sales,판매량순,13,"종근당건강 정품 비타민D 2000IU, 90정, 1개",종근당건강 비타민d 2000iu,10720,10950.0,2,230.0,로켓프레시,675,5.0,low_price,low_review,True,False,True,True,2026-06-01,2026-06-01-12-23-19-쿠팡-헬스-건강식품-판매량순.xlsx
coupang,헬스/건강식품,coupang_sales,판매량순,14,"락토핏 키즈 유산균, 60회분, 120g, 2개",락토핏 키즈 유산균 120g,24500,49800.0,50,25300.0,로켓배송,68766,5.0,mid_price,high_review,True,False,True,True,2026-06-01,2026-06-01-12-23-19-쿠팡-헬스-건강식품-판매량순.xlsx
coupang,헬스/건강식품,coupang_sales,판매량순,15,"종근당 20100 루테인 지아잔틴 아스타잔틴 플러스 영양제, 60정, 1개",종근당 20100 루테인 지아잔틴 아스타잔틴 플러스 영양제,24090,,0,,로켓배송,2242,4.5,mid_price,low_review,True,False,False,False,2026-06-01,2026-06-01-12-23-19-쿠팡-헬스-건강식품-판매량순.xlsx
coupang,헬스/건강식품,coupang_sales,판매량순,16,"아이클리어 루테인지아잔틴, 30정, 6개",아이클리어 루테인지아잔틴,47880,101400.0,52,53520.0,로켓배송,176706,5.0,high_price,high_review,True,False,True,True,2026-06-01,2026-06-01-12-23-19-쿠팡-헬스-건강식품-판매량순.xlsx
coupang,헬스/건강식품,coupang_sales,판매량순,17,"익스트림 올인원 포 맨 멀티비타민, 30회분, 1개",익스트림 올인원 포 맨 멀티비타민,40000,,0,,판매자로켓,5342,5.0,mid_price,mid_review,True,False,False,False,2026-06-01,2026-06-01-12-23-19-쿠팡-헬스-건강식품-판매량순.xlsx
coupang,헬스/건강식품,coupang_sales,판매량순,18,"락토핏 골드 유산균 선물세트, 100g, 3개",락토핏 골드 유산균 선물세트 100g,30150,31000.0,2,850.0,로켓배송,21754,5.0,mid_price,mid_review,True,False,True,True,2026-06-01,2026-06-01-12-23-19-쿠팡-헬스-건강식품-판매량순.xlsx
coupang,헬스/건강식품,coupang_sales,판매량순,19,"비에날씬 BNR17 다이어트 유산균 슬림플러스, 28g, 1개",비에날씬 bnr17 다이어트 유산균 슬림플러스 28g,25900,,0,,로켓배송,3398,4.5,mid_price,low_review,True,False,True,True,2026-06-01,2026-06-01-12-23-19-쿠팡-헬스-건강식품-판매량순.xlsx
coupang,헬스/건강식품,coupang_sales,판매량순,20,"뉴트리디데이 프리미엄 오메가3 골드 1100, 90정, 1개",뉴트리디데이 프리미엄 오메가3 골드 1100,20900,33160.0,36,12260.0,로켓배송,64890,5.0,mid_price,high_review,True,False,False,False,2026-06-01,2026-06-01-12-23-19-쿠팡-헬스-건강식품-판매량순.xlsx
coupang,헬스/건강식품,coupang_sales,판매량순,21,"센트룸 정품 멀티 구미 비타민, 80정, 1개",센트룸 멀티 구미 비타민,21230,26000.0,18,4770.0,로켓배송,45697,5.0,mid_price,high_review,False,False,True,True,2026-06-01,2026-06-01-12-23-19-쿠팡-헬스-건강식품-판매량순.xlsx
coupang,헬스/건강식품,coupang_sales,판매량순,22,"뉴트리디데이 프리미엄 마그네슘 400, 90정, 1개",뉴트리디데이 프리미엄 마그네슘 400,10900,21500.0,49,10600.0,로켓배송,9531,5.0,low_price,mid_review,False,False,False,False,2026-06-01,2026-06-01-12-23-19-쿠팡-헬스-건강식품-판매량순.xlsx
coupang,헬스/건강식품,coupang_sales,판매량순,23,"엘레나 유렉스 프로바이오틱스 유산균, 90정, 1개",엘레나 유렉스 프로바이오틱스 유산균,63910,,0,,로켓배송,22663,5.0,high_price,mid_review,False,False,True,True,2026-06-01,2026-06-01-12-23-19-쿠팡-헬스-건강식품-판매량순.xlsx
coupang,헬스/건강식품,coupang_sales,판매량순,24,"닥터린 초임계 알티지 오메가3 알파 30.21g, 30정, 3개",닥터린 초임계 알티지 오메가3 알파 30 21g,26900,29700.0,9,2800.0,로켓배송,39313,5.0,mid_price,high_review,False,False,False,False,2026-06-01,2026-06-01-12-23-19-쿠팡-헬스-건강식품-판매량순.xlsx
coupang,헬스/건강식품,coupang_sales,판매량순,25,"종근당건강 프리미엄 비타C 1000플러스, 100정, 1개",종근당건강 프리미엄 비타c 1000플러스,10450,12450.0,16,2000.0,로켓배송,25532,5.0,low_price,high_review,False,False,True,True,2026-06-01,2026-06-01-12-23-19-쿠팡-헬스-건강식품-판매량순.xlsx
coupang,헬스/건강식품,coupang_sales,판매량순,26,"신타6 정품 프로틴 파우더 초코맛, 2.27kg, 1개",신타6 프로틴 파우더 초코맛 2 27kg,99900,110900.0,9,11000.0,로켓배송,4818,5.0,high_price,low_review,False,False,False,False,2026-06-01,2026-06-01-12-23-19-쿠팡-헬스-건강식품-판매량순.xlsx
coupang,헬스/건강식품,coupang_sales,판매량순,27,"베베모린 뽀롱뽀롱 뽀로로 복숭아맛 비타민C, 50정, 3개",베베모린 뽀롱뽀롱 뽀로로 복숭아맛 비타민c,6090,,0,,로켓배송,14219,5.0,low_price,mid_review,False,False,True,True,2026-06-01,2026-06-01-12-23-19-쿠팡-헬스-건강식품-판매량순.xlsx
coupang,헬스/건강식품,coupang_sales,판매량순,28,"아이원 루테인지아잔틴 미니, 180정, 1개",아이원 루테인지아잔틴 미니,30960,,0,,로켓배송,45195,5.0,mid_price,high_review,False,False,False,False,2026-06-01,2026-06-01-12-23-19-쿠팡-헬스-건강식품-판매량순.xlsx
coupang,헬스/건강식품,coupang_sales,판매량순,29,"락토핏 정품 코어 유산균 60p, 2g, 180개",락토핏 코어 유산균 60p 2g,33790,,0,,로켓배송,80335,5.0,mid_price,high_review,False,False,False,False,2026-06-01,2026-06-01-12-23-19-쿠팡-헬스-건강식품-판매량순.xlsx
coupang,헬스/건강식품,coupang_sales,판매량순,30,"동화약품 코엔자임 큐10 코큐텐 맥스 혈압 항산화 케어 관리 조절 30g, 60정, 1개",동화약품 코엔자임 큐10 코큐텐 맥스 혈압 항산화 케어 관리 조절 30g,14450,30000.0,51,15550.0,로켓배송,7456,5.0,low_price,mid_review,False,False,True,True,2026-06-01,2026-06-01-12-23-19-쿠팡-헬스-건강식품-판매량순.xlsx
coupang,헬스/건강식품,coupang_sales,판매량순,31,"순수식품 rTG 오메가3 비타민D 1000mg, 60정, 3개",순수식품 rtg 오메가3 비타민d 1000mg,23990,45000.0,46,21010.0,판매자로켓,9768,4.5,mid_price,mid_review,False,False,True,True,2026-06-01,2026-06-01-12-23-19-쿠팡-헬스-건강식품-판매량순.xlsx
coupang,헬스/건강식품,coupang_sales,판매량순,32,"아임비타 종근당건강 멀티비타민 이뮨샷 7 164.36g, 7회분, 1개",아임비타 종근당건강 멀티비타민 이뮨샷 7 164 36g,13450,20900.0,35,7450.0,로켓배송,8718,5.0,low_price,mid_review,False,False,True,True,2026-06-01,2026-06-01-12-23-19-쿠팡-헬스-건강식품-판매량순.xlsx
coupang,헬스/건강식품,coupang_sales,판매량순,33,"잠백이 저스트 크레아틴 모노 하이드레이트 헬스보조제, 1.2kg, 1개",잠백이 저스트 크레아틴 모노 하이드레이트 헬스보조제 1 2kg,29900,,0,,로켓배송,1730,5.0,mid_price,low_review,False,False,False,False,2026-06-01,2026-06-01-12-23-19-쿠팡-헬스-건강식품-판매량순.xlsx
coupang,헬스/건강식품,coupang_sales,판매량순,34,"나우그린 정품 프리미엄 비피더스 100, 30정, 1개",나우그린 프리미엄 비피더스 100,19900,23800.0,16,3900.0,로켓배송,4401,5.0,mid_price,low_review,False,False,False,False,2026-06-01,2026-06-01-12-23-19-쿠팡-헬스-건강식품-판매량순.xlsx
coupang,헬스/건강식품,coupang_sales,판매량순,35,"락토핏 당케어 유산균, 120g, 1개",락토핏 당케어 유산균 120g,13730,35000.0,60,21270.0,로켓배송,20318,5.0,low_price,mid_review,False,False,True,True,2026-06-01,2026-06-01-12-23-19-쿠팡-헬스-건강식품-판매량순.xlsx
coupang,헬스/건강식품,coupang_sales,판매량순,36,"함소아 비타민D 1000IU 60p, 60정, 1개",함소아 비타민d 1000iu 60p,10950,,0,,로켓배송,25250,5.0,low_price,high_review,False,False,True,True,2026-06-01,2026-06-01-12-23-19-쿠팡-헬스-건강식품-판매량순.xlsx
coupang,헬스/건강식품,coupang_sales,판매량순,37,"락피도 정품 철분 액상 30포, 240ml, 1개",락피도 철분 액상 240ml,15340,35000.0,56,19660.0,로켓배송,8200,5.0,low_price,mid_review,False,False,False,False,2026-06-01,2026-06-01-12-23-19-쿠팡-헬스-건강식품-판매량순.xlsx
coupang,헬스/건강식품,coupang_sales,판매량순,38,"락토핏 생유산균 베베 60포, 120g, 1개",락토핏 생유산균 베베 120g,15600,,0,,로켓배송,36636,5.0,low_price,high_review,False,False,False,False,2026-06-01,2026-06-01-12-23-19-쿠팡-헬스-건강식품-판매량순.xlsx
coupang,헬스/건강식품,coupang_sales,판매량순,39,"종근당건강 프로메가 알티지 오메가3 듀얼, 60정, 2개",종근당건강 프로메가 알티지 오메가3 듀얼,18260,25800.0,29,7540.0,로켓배송,122909,5.0,low_price,high_review,False,False,True,True,2026-06-01,2026-06-01-12-23-19-쿠팡-헬스-건강식품-판매량순.xlsx
coupang,헬스/건강식품,coupang_sales,판매량순,40,"헬로바이오 프리미엄 철분제, 90정, 1개",헬로바이오 프리미엄 철분제,8400,,0,,로켓배송,1172,5.0,low_price,low_review,False,False,True,True,2026-06-01,2026-06-01-12-23-19-쿠팡-헬스-건강식품-판매량순.xlsx
coupang,헬스/건강식품,coupang_sales,판매량순,41,"에버콜라겐 타임 비오틴, 150g, 1개",에버콜라겐 타임 비오틴 150g,39900,72000.0,44,32100.0,로켓배송,56659,5.0,mid_price,high_review,False,False,False,False,2026-06-01,2026-06-01-12-23-19-쿠팡-헬스-건강식품-판매량순.xlsx
coupang,헬스/건강식품,coupang_sales,판매량순,42,"네추럴라이즈 멀티비타민 꾸미, 60정, 1개",네추럴라이즈 멀티비타민 꾸미,12900,,0,,로켓배송,14724,5.0,low_price,mid_review,False,False,True,True,2026-06-01,2026-06-01-12-23-19-쿠팡-헬스-건강식품-판매량순.xlsx
coupang,헬스/건강식품,coupang_sales,판매량순,43,"유한건강생활 이너플로라 UREX 프로바이오틱스 유산균, 30정, 1개",유한건강생활 이너플로라 urex 프로바이오틱스 유산균,22700,50000.0,54,27300.0,로켓배송,7227,5.0,mid_price,mid_review,False,False,False,False,2026-06-01,2026-06-01-12-23-19-쿠팡-헬스-건강식품-판매량순.xlsx
coupang,헬스/건강식품,coupang_sales,판매량순,44,"얼라이브 원스데일리 포 우먼 멀티비타민, 30정, 1개",얼라이브 원스데일리 포 우먼 멀티비타민,12900,,0,,로켓배송,42561,5.0,low_price,high_review,False,False,True,True,2026-06-01,2026-06-01-12-23-19-쿠팡-헬스-건강식품-판매량순.xlsx
coupang,헬스/건강식품,coupang_sales,판매량순,45,"센트룸 멀티비타민 실버 포우먼, 112정, 1개",센트룸 멀티비타민 실버 포우먼,36530,,0,,판매자로켓,20587,5.0,mid_price,mid_review,False,False,False,False,2026-06-01,2026-06-01-12-23-19-쿠팡-헬스-건강식품-판매량순.xlsx
coupang,헬스/건강식품,coupang_sales,판매량순,46,"솔가 엽산 400, 100정, 1개",솔가 엽산 400,12600,35000.0,64,22400.0,로켓배송,25307,5.0,low_price,high_review,False,False,False,False,2026-06-01,2026-06-01-12-23-19-쿠팡-헬스-건강식품-판매량순.xlsx
coupang,헬스/건강식품,coupang_sales,판매량순,47,"락티브 하트톡 철분, 30정, 1개",락티브 하트톡 철분,18000,19000.0,5,1000.0,로켓배송,149,5.0,low_price,low_review,False,False,False,False,2026-06-01,2026-06-01-12-23-19-쿠팡-헬스-건강식품-판매량순.xlsx
coupang,헬스/건강식품,coupang_sales,판매량순,48,"메가도스 비타민C 3000mg, 180g, 1개",메가도스 비타민c 3000mg 180g,17600,,0,,로켓배송,61016,5.0,low_price,high_review,False,False,False,False,2026-06-01,2026-06-01-12-23-19-쿠팡-헬스-건강식품-판매량순.xlsx
coupang,헬스/건강식품,coupang_sales,판매량순,49,"올바른건강식품 곡물효소 프로바이오틱스 블랙, 270g, 1개",올바른건강식품 곡물효소 프로바이오틱스 블랙 270g,17900,21900.0,18,4000.0,로켓배송,14137,5.0,low_price,mid_review,False,False,True,True,2026-06-01,2026-06-01-12-23-19-쿠팡-헬스-건강식품-판매량순.xlsx
coupang,헬스/건강식품,coupang_sales,판매량순,50,"(고함량 마그네슘 영양제) 400mg 프리미엄 산화마그네슘 식약처 인증 식약청 인정 건강헤아림, 90정, 2개",고함량 마그네슘 영양제 400mg 프리미엄 산화마그네슘 식약처 인증 식약청 인정 건강헤아림,29900,74900.0,60,45000.0,판매자로켓,6403,4.5,mid_price,mid_review,False,False,False,False,2026-06-01,2026-06-01-12-23-19-쿠팡-헬스-건강식품-판매량순.xlsx
coupang,헬스/건강식품,coupang_sales,판매량순,51,"종근당 아연 플러스, 90정, 1개",종근당 아연 플러스,11870,,0,,로켓배송,2984,4.5,low_price,low_review,False,False,False,False,2026-06-01,2026-06-01-12-23-19-쿠팡-헬스-건강식품-판매량순.xlsx
coupang,헬스/건강식품,coupang_sales,판매량순,52,"뉴프라이스 정직한 알티지 오메가3, 1개, 60정",뉴프라이스 정직한 알티지 오메가3,6900,15900.0,56,9000.0,로켓배송,322,5.0,low_price,low_review,False,False,False,False,2026-06-01,2026-06-01-12-23-19-쿠팡-헬스-건강식품-판매량순.xlsx
coupang,헬스/건강식품,coupang_sales,판매량순,53,"비타할로 온가족 생 유산균, 300g, 1개",비타할로 온가족 생 유산균 300g,18990,27500.0,30,8510.0,로켓배송,48922,5.0,low_price,high_review,False,False,True,True,2026-06-01,2026-06-01-12-23-19-쿠팡-헬스-건강식품-판매량순.xlsx
coupang,헬스/건강식품,coupang_sales,판매량순,54,"동화약품 에스트로타임 갱년기 여성 케어 회화나무열매 대두이소플라본 비타민D 영양제, 30정, 1개",동화약품 에스트로타임 갱년기 여성 케어 회화나무열매 대두이소플라본 비타민d 영양제,13760,20000.0,31,6240.0,로켓배송,2032,5.0,low_price,low_review,False,False,True,True,2026-06-01,2026-06-01-12-23-19-쿠팡-헬스-건강식품-판매량순.xlsx
coupang,헬스/건강식품,coupang_sales,판매량순,55,"익스트림 초임계 알티지 오메가3 1200, 60정, 1개",익스트림 초임계 알티지 오메가3 1200,25500,53000.0,51,27500.0,로켓배송,3026,5.0,mid_price,low_review,False,False,False,False,2026-06-01,2026-06-01-12-23-19-쿠팡-헬스-건강식품-판매량순.xlsx
coupang,헬스/건강식품,coupang_sales,판매량순,56,"닥터에디션 바이오D 드롭스, 8ml, 1개",닥터에디션 바이오d 드롭스 8ml,42500,47000.0,9,4500.0,판매자로켓,2021,5.0,mid_price,low_review,False,False,False,False,2026-06-01,2026-06-01-12-23-19-쿠팡-헬스-건강식품-판매량순.xlsx
coupang,헬스/건강식품,coupang_sales,판매량순,57,"일양약품 눈건강 루테인 골드, 30정, 4개",일양약품 눈건강 루테인 골드,24100,24600.0,2,500.0,로켓배송,27826,4.5,mid_price,high_review,False,False,False,False,2026-06-01,2026-06-01-12-23-19-쿠팡-헬스-건강식품-판매량순.xlsx
coupang,헬스/건강식품,coupang_sales,판매량순,58,"셀렉스 프로틴 락토프리 플러스 근력단백질, 570g, 1개",셀렉스 프로틴 락토프리 플러스 근력단백질 570g,37790,42000.0,10,4210.0,로켓배송,1469,5.0,mid_price,low_review,False,False,False,False,2026-06-01,2026-06-01-12-23-19-쿠팡-헬스-건강식품-판매량순.xlsx
coupang,헬스/건강식품,coupang_sales,판매량순,59,"종근당 마그네슘 플러스, 90정, 1개",종근당 마그네슘 플러스,12670,,0,,로켓배송,4379,4.5,low_price,low_review,False,False,True,True,2026-06-01,2026-06-01-12-23-19-쿠팡-헬스-건강식품-판매량순.xlsx
coupang,헬스/건강식품,coupang_sales,판매량순,60,"내츄럴플러스 알티지 오메가3 1200, 180정, 234g, 1개",내츄럴플러스 알티지 오메가3 1200 234g,48380,,0,,로켓배송,42313,5.0,high_price,high_review,False,False,False,False,2026-06-01,2026-06-01-12-23-19-쿠팡-헬스-건강식품-판매량순.xlsx
coupang,헬스/건강식품,coupang_sales,판매량순,61,"황금구렁이 오리지널 차전자피 식이섬유, 153g, 1개",황금구렁이 오리지널 차전자피 식이섬유 153g,21900,39900.0,45,18000.0,로켓배송,1944,4.5,mid_price,low_review,False,False,True,True,2026-06-01,2026-06-01-12-23-19-쿠팡-헬스-건강식품-판매량순.xlsx
coupang,헬스/건강식품,coupang_sales,판매량순,62,"닥터린 정품 초임계 알티지 오메가3 알파, 30정, 1개",닥터린 초임계 알티지 오메가3 알파,9400,12300.0,23,2900.0,로켓배송,39313,5.0,low_price,high_review,False,False,True,True,2026-06-01,2026-06-01-12-23-19-쿠팡-헬스-건강식품-판매량순.xlsx
coupang,헬스/건강식품,coupang_sales,판매량순,63,"덴프스 트루바이타민 I, 50.7g, 1개",덴프스 트루바이타민 i 50 7g,18850,19930.0,5,1080.0,로켓배송,6903,5.0,low_price,mid_review,False,False,True,True,2026-06-01,2026-06-01-12-23-19-쿠팡-헬스-건강식품-판매량순.xlsx
coupang,헬스/건강식품,coupang_sales,판매량순,64,"마미앤대디 비건 식물성 비타민D 2000IU 9g, 1개, 60정",마미앤대디 비건 식물성 비타민d 2000iu 9g,19900,26000.0,23,6100.0,로켓배송,1095,5.0,mid_price,low_review,False,False,False,False,2026-06-01,2026-06-01-12-23-19-쿠팡-헬스-건강식품-판매량순.xlsx
coupang,헬스/건강식품,coupang_sales,판매량순,65,"신풍제약 헬리코박터균 증식억제 위건강 스페인감초추출물 영양제, 30정, 1개",신풍제약 헬리코박터균 증식억제 위건강 스페인감초추출물 영양제,9890,15000.0,34,5110.0,판매자로켓,6479,4.5,low_price,mid_review,False,False,True,True,2026-06-01,2026-06-01-12-23-19-쿠팡-헬스-건강식품-판매량순.xlsx
coupang,헬스/건강식품,coupang_sales,판매량순,66,"아르테폴리스 씹어먹는 그린프로폴리스 레몬맛 아르테필린C, 1개, 60정",아르테폴리스 씹어먹는 그린프로폴리스 레몬맛 아르테필린c,35680,52800.0,32,17120.0,판매자로켓,1647,4.5,mid_price,low_review,False,False,False,False,2026-06-01,2026-06-01-12-23-19-쿠팡-헬스-건강식품-판매량순.xlsx
coupang,헬스/건강식품,coupang_sales,판매량순,67,"네추럴라이즈 감마리놀렌산 달맞이꽃 종자유, 300정, 1개",네추럴라이즈 감마리놀렌산 달맞이꽃 종자유,36900,40000.0,7,3100.0,로켓배송,17647,4.5,mid_price,mid_review,False,False,False,False,2026-06-01,2026-06-01-12-23-19-쿠팡-헬스-건강식품-판매량순.xlsx
coupang,헬스/건강식품,coupang_sales,판매량순,68,"마스터바이옴 지노 마스터, 28정, 1개",마스터바이옴 지노 마스터,25800,59000.0,56,33200.0,로켓배송,5644,5.0,mid_price,mid_review,False,False,False,False,2026-06-01,2026-06-01-12-23-19-쿠팡-헬스-건강식품-판매량순.xlsx
coupang,헬스/건강식품,coupang_sales,판매량순,69,"익스트림 밀크씨슬 플러스, 60정, 1개",익스트림 밀크씨슬 플러스,9900,,0,,로켓배송,6342,5.0,low_price,mid_review,False,False,True,True,2026-06-01,2026-06-01-12-23-19-쿠팡-헬스-건강식품-판매량순.xlsx
coupang,헬스/건강식품,coupang_sales,판매량순,70,"지큐랩 100억 생유산균 골드, 60정, 1개",지큐랩 100억 생유산균 골드,23000,,0,,로켓배송,15565,5.0,mid_price,mid_review,False,False,False,False,2026-06-01,2026-06-01-12-23-19-쿠팡-헬스-건강식품-판매량순.xlsx
coupang,헬스/건강식품,coupang_sales,판매량순,71,"알유21 비타민C, 6정, 12개",알유21 비타민c,29820,,0,,로켓배송,13500,5.0,mid_price,mid_review,False,False,False,False,2026-06-01,2026-06-01-12-23-19-쿠팡-헬스-건강식품-판매량순.xlsx
coupang,헬스/건강식품,coupang_sales,판매량순,72,"차일드라이프 액상 비타민 C 오렌지맛, 118ml, 1개",차일드라이프 액상 비타민 c 오렌지맛 118ml,12400,,0,,로켓배송,5329,5.0,low_price,mid_review,False,False,False,False,2026-06-01,2026-06-01-12-23-19-쿠팡-헬스-건강식품-판매량순.xlsx
coupang,헬스/건강식품,coupang_sales,판매량순,73,"헬로바이오 혈압 항산화 케어 프리미엄 코큐텐 코엔자임Q10 30g, 60정, 1개",헬로바이오 혈압 항산화 케어 프리미엄 코큐텐 코엔자임q10 30g,9400,9900.0,5,500.0,로켓배송,1182,5.0,low_price,low_review,False,False,True,True,2026-06-01,2026-06-01-12-23-19-쿠팡-헬스-건강식품-판매량순.xlsx
coupang,헬스/건강식품,coupang_sales,판매량순,74,"세노비스 키즈 프로폴리스 스프레이, 25ml, 1개",세노비스 키즈 프로폴리스 스프레이 25ml,10770,16000.0,32,5230.0,로켓배송,11385,5.0,low_price,mid_review,False,False,True,True,2026-06-01,2026-06-01-12-23-19-쿠팡-헬스-건강식품-판매량순.xlsx
coupang,헬스/건강식품,coupang_sales,판매량순,75,"닥터린 하이퍼셀 코엔자임Q10 알파 26.25g, 30정, 3개",닥터린 하이퍼셀 코엔자임q10 알파 26 25g,51960,68700.0,24,16740.0,로켓배송,1773,5.0,high_price,low_review,False,False,False,False,2026-06-01,2026-06-01-12-23-19-쿠팡-헬스-건강식품-판매량순.xlsx
coupang,헬스/건강식품,coupang_sales,판매량순,76,"뉴트리정 프리미엄 마그네슘 대용량, 1개, 300정",뉴트리정 프리미엄 마그네슘,19900,39900.0,50,20000.0,판매자로켓,1643,5.0,mid_price,low_review,False,False,False,False,2026-06-01,2026-06-01-12-23-19-쿠팡-헬스-건강식품-판매량순.xlsx
coupang,헬스/건강식품,coupang_sales,판매량순,77,"에스더포뮬러 여에스더 유산균 클래식 Pro 30캡슐, 3개, 30회분",에스더포뮬러 여에스더 유산균 클래식 pro,39000,85800.0,54,46800.0,로켓배송,2390,5.0,mid_price,low_review,False,False,False,False,2026-06-01,2026-06-01-12-23-19-쿠팡-헬스-건강식품-판매량순.xlsx
coupang,헬스/건강식품,coupang_sales,판매량순,78,"뉴트리디데이 프리미엄 비오틴 10000, 90정, 1개",뉴트리디데이 프리미엄 비오틴 10000,12900,21500.0,40,8600.0,로켓배송,8748,5.0,low_price,mid_review,False,False,True,True,2026-06-01,2026-06-01-12-23-19-쿠팡-헬스-건강식품-판매량순.xlsx
coupang,헬스/건강식품,coupang_sales,판매량순,79,"태양생활건강 뽀롱뽀롱 뽀로로 비타민C, 50정, 3개",태양생활건강 뽀롱뽀롱 뽀로로 비타민c,6090,,0,,로켓프레시,200,5.0,low_price,low_review,False,False,True,True,2026-06-01,2026-06-01-12-23-19-쿠팡-헬스-건강식품-판매량순.xlsx
coupang,헬스/건강식품,coupang_sales,판매량순,80,"세노비스 New 트리플러스 오메가3 이뮨 우먼 멀티비타민, 80정, 1개",세노비스 new 트리플러스 오메가3 이뮨 우먼 멀티비타민,25700,56000.0,54,30300.0,로켓배송,1491,5.0,mid_price,low_review,False,False,False,False,2026-06-01,2026-06-01-12-23-19-쿠팡-헬스-건강식품-판매량순.xlsx
coupang,헬스/건강식품,coupang_sales,판매량순,81,"솔가 활성 엽산 680 위드 비타민 B12, 60정, 1개",솔가 활성 엽산 680 위드 비타민 b12,31880,52000.0,38,20120.0,로켓배송,1081,5.0,mid_price,low_review,False,False,False,False,2026-06-01,2026-06-01-12-23-19-쿠팡-헬스-건강식품-판매량순.xlsx
coupang,헬스/건강식품,coupang_sales,판매량순,82,"메디트리 츄어블 비타민D 4000IU 아연 90g, 90정, 1개",메디트리 츄어블 비타민d 4000iu 아연 90g,9700,14900.0,34,5200.0,로켓배송,2248,5.0,low_price,low_review,False,False,True,True,2026-06-01,2026-06-01-12-23-19-쿠팡-헬스-건강식품-판매량순.xlsx
coupang,헬스/건강식품,coupang_sales,판매량순,83,"안국건강 아이메가 알티지 오메가3 미니, 60정, 1개",안국건강 아이메가 알티지 오메가3 미니,12900,21800.0,40,8900.0,로켓배송,1693,5.0,low_price,low_review,False,False,True,True,2026-06-01,2026-06-01-12-23-19-쿠팡-헬스-건강식품-판매량순.xlsx
coupang,헬스/건강식품,coupang_sales,판매량순,84,"세노비스 정품 마그네슘, 90정, 1개",세노비스 마그네슘,15830,28000.0,43,12170.0,로켓프레시,346,5.0,low_price,low_review,False,False,False,False,2026-06-01,2026-06-01-12-23-19-쿠팡-헬스-건강식품-판매량순.xlsx
coupang,헬스/건강식품,coupang_sales,판매량순,85,"세노비스 어드밴스드 코엔자임 큐텐 36g, 60정, 1개",세노비스 어드밴스드 코엔자임 큐텐 36g,25370,56000.0,54,30630.0,로켓배송,654,5.0,mid_price,low_review,False,False,False,False,2026-06-01,2026-06-01-12-23-19-쿠팡-헬스-건강식품-판매량순.xlsx
coupang,헬스/건강식품,coupang_sales,판매량순,86,"엔젯오리진 비타프레쉬 비타민 C 앤 D 3000 꾸미, 70정, 1개",엔젯오리진 비타프레쉬 비타민 c 앤 d 3000 꾸미,10870,18900.0,42,8030.0,로켓배송,23129,5.0,low_price,mid_review,False,False,True,True,2026-06-01,2026-06-01-12-23-19-쿠팡-헬스-건강식품-판매량순.xlsx
coupang,헬스/건강식품,coupang_sales,판매량순,87,"나우푸드 알티지 오메가3, 90정, 2개",나우푸드 알티지 오메가3,46000,47000.0,2,1000.0,로켓배송,3133,5.0,mid_price,low_review,False,False,False,False,2026-06-01,2026-06-01-12-23-19-쿠팡-헬스-건강식품-판매량순.xlsx
coupang,헬스/건강식품,coupang_sales,판매량순,88,"쏘팔코사놀 1000 쏘팔메토 옥타코사놀, 120정, 1개",쏘팔코사놀 1000 쏘팔메토 옥타코사놀,78000,80000.0,2,2000.0,로켓배송,20530,4.5,high_price,mid_review,False,False,True,True,2026-06-01,2026-06-01-12-23-19-쿠팡-헬스-건강식품-판매량순.xlsx
coupang,헬스/건강식품,coupang_sales,판매량순,89,"프로메가 알티지 오메가3 듀얼 플러스, 60정, 3개",프로메가 알티지 오메가3 듀얼 플러스,35200,79900.0,55,44700.0,로켓배송,54924,5.0,mid_price,high_review,False,False,False,False,2026-06-01,2026-06-01-12-23-19-쿠팡-헬스-건강식품-판매량순.xlsx
coupang,헬스/건강식품,coupang_sales,판매량순,90,"헬스헬퍼 맥스컷 프로 크롬, 120정, 1개",헬스헬퍼 맥스컷 프로 크롬,38940,55000.0,29,16060.0,로켓프레시,129,5.0,mid_price,low_review,False,False,False,False,2026-06-01,2026-06-01-12-23-19-쿠팡-헬스-건강식품-판매량순.xlsx
coupang,헬스/건강식품,coupang_sales,판매량순,91,"뉴트리디데이 rTG 알티지 오메가3 골드, 90정, 2개",뉴트리디데이 rtg 알티지 오메가3 골드,34900,63000.0,44,28100.0,로켓배송,31591,5.0,mid_price,high_review,False,False,True,True,2026-06-01,2026-06-01-12-23-19-쿠팡-헬스-건강식품-판매량순.xlsx
coupang,헬스/건강식품,coupang_sales,판매량순,92,"유한메디카 징코 플러스 엔 탑 혈행 기억력 케어, 60정, 1개",유한메디카 징코 플러스 엔 탑 혈행 기억력 케어,10360,24900.0,58,14540.0,로켓배송,3117,4.5,low_price,low_review,False,False,True,True,2026-06-01,2026-06-01-12-23-19-쿠팡-헬스-건강식품-판매량순.xlsx
coupang,헬스/건강식품,coupang_sales,판매량순,93,"바이탈프로그램 정품 비타민C 1000mg, 600정, 1개",바이탈프로그램 비타민c 1000mg,28360,45000.0,36,16640.0,로켓프레시,684,5.0,mid_price,low_review,False,False,True,True,2026-06-01,2026-06-01-12-23-19-쿠팡-헬스-건강식품-판매량순.xlsx
coupang,헬스/건강식품,coupang_sales,판매량순,94,"종근당 비타민D 1000I.U, 90정, 1개",종근당 비타민d 1000i u,8350,9900.0,15,1550.0,로켓배송,5882,5.0,low_price,mid_review,False,False,True,True,2026-06-01,2026-06-01-12-23-19-쿠팡-헬스-건강식품-판매량순.xlsx
coupang,헬스/건강식품,coupang_sales,판매량순,95,"세노비스 프로폴리스 플러스, 60정, 1개",세노비스 프로폴리스 플러스,18440,35000.0,47,16560.0,로켓배송,8534,5.0,low_price,mid_review,False,False,False,False,2026-06-01,2026-06-01-12-23-19-쿠팡-헬스-건강식품-판매량순.xlsx
coupang,헬스/건강식품,coupang_sales,판매량순,96,"보령 브레인 두뇌의 인지력엔 포스파티딜세린 PS 300 30g, 60정, 2개",보령 브레인 두뇌의 인지력엔 포스파티딜세린 ps 300 30g,35440,60000.0,40,24560.0,로켓배송,7204,5.0,mid_price,mid_review,False,False,True,True,2026-06-01,2026-06-01-12-23-19-쿠팡-헬스-건강식품-판매량순.xlsx
coupang,헬스/건강식품,coupang_sales,판매량순,97,"대원제약 올인원 이뮨 멀티팩 종합비타민 밀크씨슬 + 루테인 + 오메가3, 1개, 30회분",대원제약 올인원 이뮨 멀티팩 종합비타민 밀크씨슬 루테인 오메가3,27970,44900.0,37,16930.0,로켓배송,854,5.0,mid_price,low_review,False,False,False,False,2026-06-01,2026-06-01-12-23-19-쿠팡-헬스-건강식품-판매량순.xlsx
coupang,헬스/건강식품,coupang_sales,판매량순,98,"한미양행 신경엔 마그네슘, 90정, 1개",한미양행 신경엔 마그네슘,11900,,0,,로켓배송,2079,4.5,low_price,low_review,False,False,True,True,2026-06-01,2026-06-01-12-23-19-쿠팡-헬스-건강식품-판매량순.xlsx
coupang,헬스/건강식품,coupang_sales,판매량순,99,"이너랩 액티브 비타민B, 60정, 1개",이너랩 액티브 비타민b,10700,22000.0,51,11300.0,로켓배송,12714,5.0,low_price,mid_review,False,False,False,False,2026-06-01,2026-06-01-12-23-19-쿠팡-헬스-건강식품-판매량순.xlsx
coupang,헬스/건강식품,coupang_sales,판매량순,100,"뉴트리코스트 정품 크레아틴 분말, 300g, 1개",뉴트리코스트 크레아틴 분말 300g,23900,29000.0,17,5100.0,로켓프레시,747,5.0,mid_price,low_review,False,False,False,False,2026-06-01,2026-06-01-12-23-19-쿠팡-헬스-건강식품-판매량순.xlsx
naver_shopping,건강식품,naver_buy_daily,많이구매한BEST_일간,1,BNR17 비에날씬 다이어트 유산균 모유유래 체지방감소 3개월 캡슐 + 비에날씬 활력UP 7포 (1BOX),bnr17 비에날씬 다이어트 유산균 모유유래 체지방감소 3개월 캡슐 비에날씬 활력up,198000,,0,,,89641,4.8,high_price,high_review,True,False,True,True,2026-06-01,네이버쇼핑-건강식품-많이구매한BEST-일간-2026-06-01-12-02-48.xlsx
naver_shopping,건강식품,naver_buy_daily,많이구매한BEST_일간,2,그레인온 골드 카무트 효소,그레인온 골드 카무트 효소,44900,,0,,,94485,4.9,mid_price,high_review,True,True,True,True,2026-06-01,네이버쇼핑-건강식품-많이구매한BEST-일간-2026-06-01-12-02-48.xlsx
naver_shopping,건강식품,naver_buy_daily,많이구매한BEST_일간,3,고려은단 비타민C 1000 600정 X 1개 (20개월분),고려은단 비타민c 1000 x,42900,,0,,,99999,4.9,mid_price,high_review,True,False,True,True,2026-06-01,네이버쇼핑-건강식품-많이구매한BEST-일간-2026-06-01-12-02-48.xlsx
naver_shopping,건강식품,naver_buy_daily,많이구매한BEST_일간,4,"고려은단 메가도스C 비타민C 3000mg X 100포 (300g), 2개",고려은단 메가도스c 비타민c 3000mg x 300g,49900,,0,,,99999,4.9,high_price,high_review,True,False,True,True,2026-06-01,네이버쇼핑-건강식품-많이구매한BEST-일간-2026-06-01-12-02-48.xlsx
naver_shopping,건강식품,naver_buy_daily,많이구매한BEST_일간,5,배석철의 아미나 고용량 비타민B3 500mg 미국산 니코틴산아미드,배석철의 아미나 고용량 비타민b3 500mg 미국산 니코틴산아미드,48000,,0,,,9136,4.8,high_price,mid_review,True,True,True,True,2026-06-01,네이버쇼핑-건강식품-많이구매한BEST-일간-2026-06-01-12-02-48.xlsx
naver_shopping,건강식품,naver_buy_daily,많이구매한BEST_일간,6,주영엔에스 관절엔 콘드로이친 1200,주영엔에스 관절엔 콘드로이친 1200,175000,,0,,,99999,4.9,high_price,high_review,True,False,True,True,2026-06-01,네이버쇼핑-건강식품-많이구매한BEST-일간-2026-06-01-12-02-48.xlsx
naver_shopping,건강식품,naver_buy_daily,많이구매한BEST_일간,7,[네이버 단독 100일분] 닥터린 송중기 하이퍼셀 대마종자유 알파 햄프씨드오일 카나비노이드,닥터린 송중기 하이퍼셀 대마종자유 알파 햄프씨드오일 카나비노이드,56900,,0,,,3856,4.8,high_price,low_review,True,False,True,True,2026-06-01,네이버쇼핑-건강식품-많이구매한BEST-일간-2026-06-01-12-02-48.xlsx
naver_shopping,건강식품,naver_buy_daily,많이구매한BEST_일간,8,종근당건강 락토핏 코어 360 기획세트(360일분),종근당건강 락토핏 코어,69900,,0,,,46072,4.9,high_price,high_review,True,False,True,True,2026-06-01,네이버쇼핑-건강식품-많이구매한BEST-일간-2026-06-01-12-02-48.xlsx
naver_shopping,건강식품,naver_buy_daily,많이구매한BEST_일간,9,"로킷아메리카 NMN 프테로스틸벤 고순도 엔엠엔, 60캡슐, 3병",로킷아메리카 nmn 프테로스틸벤 고순도 엔엠엔,189570,,0,,,10373,4.9,high_price,mid_review,True,False,True,True,2026-06-01,네이버쇼핑-건강식품-많이구매한BEST-일간-2026-06-01-12-02-48.xlsx
naver_shopping,건강식품,naver_buy_daily,많이구매한BEST_일간,10,[네이버단독] 정관장 에브리타임 소프트 10ml 50포,정관장 에브리타임 소프트 10ml,110000,,0,,,46372,4.9,high_price,high_review,True,False,True,True,2026-06-01,네이버쇼핑-건강식품-많이구매한BEST-일간-2026-06-01-12-02-48.xlsx
naver_shopping,건강식품,naver_buy_daily,많이구매한BEST_일간,11,"고려은단 식물성 퓨어 알티지 오메가3 60캡슐, 3개 (6개월분)",고려은단 식물성 퓨어 알티지 오메가3,49900,,0,,,99999,4.9,high_price,high_review,True,False,True,True,2026-06-01,네이버쇼핑-건강식품-많이구매한BEST-일간-2026-06-01-12-02-48.xlsx
naver_shopping,건강식품,naver_buy_daily,많이구매한BEST_일간,12,고려은단 비타민C 1000 영국산 고함량 비타민씨 600정,고려은단 비타민c 1000 영국산 고함량 비타민씨,41900,,0,,,9952,4.9,mid_price,mid_review,True,False,True,True,2026-06-01,네이버쇼핑-건강식품-많이구매한BEST-일간-2026-06-01-12-02-48.xlsx
naver_shopping,건강식품,naver_buy_daily,많이구매한BEST_일간,13,"고려은단 루테인 지아잔틴 아스타잔틴 60캡슐, 3개 (6개월분)",고려은단 루테인 지아잔틴 아스타잔틴,64900,,0,,,61974,4.9,high_price,high_review,True,False,True,True,2026-06-01,네이버쇼핑-건강식품-많이구매한BEST-일간-2026-06-01-12-02-48.xlsx
naver_shopping,건강식품,naver_buy_daily,많이구매한BEST_일간,14,"[네이버 단독]고려은단 메가도스D 비타민D3 4000IU 180정, 2개 (1년분)",고려은단 메가도스d 비타민d3 4000iu 1년분,31900,,0,,,28669,4.9,mid_price,high_review,True,False,True,True,2026-06-01,네이버쇼핑-건강식품-많이구매한BEST-일간-2026-06-01-12-02-48.xlsx
naver_shopping,건강식품,naver_buy_daily,많이구매한BEST_일간,15,애터미 헤모힘 효능 헤모임 해모임 해모힘 성분 20ml x 60포,애터미 헤모힘 효능 헤모임 해모임 해모힘 성분 20ml x,57460,,0,,,774,4.8,high_price,low_review,True,False,True,True,2026-06-01,네이버쇼핑-건강식품-많이구매한BEST-일간-2026-06-01-12-02-48.xlsx
naver_shopping,건강식품,naver_buy_daily,많이구매한BEST_일간,16,주영엔에스 뼈엔 엠비피MBP,주영엔에스 뼈엔 엠비피mbp,123000,,0,,,99999,4.9,high_price,high_review,True,False,True,True,2026-06-01,네이버쇼핑-건강식품-많이구매한BEST-일간-2026-06-01-12-02-48.xlsx
naver_shopping,건강식품,naver_buy_daily,많이구매한BEST_일간,17,드시모네 캡슐 플러스 (120캡슐) x 2박스 (총 240캡슐) (+슈퍼적립),드시모네 캡슐 플러스 x 총 슈퍼적립,196000,,0,,,8563,4.9,high_price,mid_review,True,False,True,True,2026-06-01,네이버쇼핑-건강식품-많이구매한BEST-일간-2026-06-01-12-02-48.xlsx
naver_shopping,건강식품,naver_buy_daily,많이구매한BEST_일간,18,덴마크 유산균이야기,덴마크 유산균이야기,157000,,0,,,99999,4.9,high_price,high_review,True,False,True,True,2026-06-01,네이버쇼핑-건강식품-많이구매한BEST-일간-2026-06-01-12-02-48.xlsx
naver_shopping,건강식품,naver_buy_daily,많이구매한BEST_일간,19,GNM 조정석 건강한 간 밀크씨슬 5박스(총 5개월분) / 간건강 실리마린 비타민B,gnm 조정석 건강한 간 밀크씨슬 총 간건강 실리마린 비타민b,21900,,0,,,99999,4.8,mid_price,high_review,True,False,True,True,2026-06-01,네이버쇼핑-건강식품-많이구매한BEST-일간-2026-06-01-12-02-48.xlsx
naver_shopping,건강식품,naver_buy_daily,많이구매한BEST_일간,20,Granny Salad 그래니 샐러드,granny salad 그래니 샐러드,22900,,0,,,2929,4.7,mid_price,low_review,True,False,True,True,2026-06-01,네이버쇼핑-건강식품-많이구매한BEST-일간-2026-06-01-12-02-48.xlsx
naver_shopping,건강식품,naver_buy_daily,많이구매한BEST_일간,21,[총 8개월분] GNM 마그네슘05 / 비타민B 5중 복합기능성 셀레늄,총 gnm 마그네슘05 비타민b 5중 복합기능성 셀레늄,27900,,0,,,35428,4.8,mid_price,high_review,False,False,False,False,2026-06-01,네이버쇼핑-건강식품-많이구매한BEST-일간-2026-06-01-12-02-48.xlsx
naver_shopping,건강식품,naver_buy_daily,많이구매한BEST_일간,22,압타민C 비타민C 1000mg 플러스,압타민c 비타민c 1000mg 플러스,50000,,0,,,16823,4.8,high_price,mid_review,False,False,True,True,2026-06-01,네이버쇼핑-건강식품-많이구매한BEST-일간-2026-06-01-12-02-48.xlsx
naver_shopping,건강식품,naver_buy_daily,많이구매한BEST_일간,23,본사직영몰 신애라 PICK 더파인프리미엄 100% 솔잎증류농축액 혈당케어,몰 신애라 pick 더파인프리미엄 100 솔잎증류농축액 혈당케어,308000,,0,,,1122,4.7,high_price,low_review,False,False,True,True,2026-06-01,네이버쇼핑-건강식품-많이구매한BEST-일간-2026-06-01-12-02-48.xlsx
naver_shopping,건강식품,naver_buy_daily,많이구매한BEST_일간,24,[5개월] 뉴트리코어 WCS 포스파티딜세린 PS 순도 85% 피에스,5개월 뉴트리코어 wcs 포스파티딜세린 ps 순도 85 피에스,236000,,0,,,20205,4.8,high_price,mid_review,False,False,True,True,2026-06-01,네이버쇼핑-건강식품-많이구매한BEST-일간-2026-06-01-12-02-48.xlsx
naver_shopping,건강식품,naver_buy_daily,많이구매한BEST_일간,25,[장사의신 장신몰] 올인원 영양제 칼슘 마그네슘 미네랄 멀티 비타민 23종 1450mg x 60정,장사의신 장신몰 올인원 영양제 칼슘 마그네슘 미네랄 멀티 비타민 23종 1450mg x,11900,,0,,,4462,4.9,low_price,low_review,False,False,True,True,2026-06-01,네이버쇼핑-건강식품-많이구매한BEST-일간-2026-06-01-12-02-48.xlsx
naver_shopping,건강식품,naver_buy_daily,많이구매한BEST_일간,26,그레인온 골드카무트효소G,그레인온 골드카무트효소g,24900,,0,,,29081,4.8,mid_price,high_review,False,False,True,True,2026-06-01,네이버쇼핑-건강식품-많이구매한BEST-일간-2026-06-01-12-02-48.xlsx
naver_shopping,건강식품,naver_buy_daily,많이구매한BEST_일간,27,뉴케어 균형영양식 구수한맛 200ml 외 5종 (10팩+10팩),뉴케어 균형영양식 구수한맛 200ml 외 5종,39000,,0,,,3153,4.9,mid_price,low_review,False,False,True,True,2026-06-01,네이버쇼핑-건강식품-많이구매한BEST-일간-2026-06-01-12-02-48.xlsx
naver_shopping,건강식품,naver_buy_daily,많이구매한BEST_일간,28,비에날씬 BNR17 비엔날씬 유산균 BMR17 김희선 다이어트 유산균,비에날씬 bnr17 비엔날씬 유산균 bmr17 김희선 다이어트 유산균,45800,,0,,,2434,4.8,mid_price,low_review,False,False,True,True,2026-06-01,네이버쇼핑-건강식품-많이구매한BEST-일간-2026-06-01-12-02-48.xlsx
naver_shopping,건강식품,naver_buy_daily,많이구매한BEST_일간,29,"고려은단 프로바이오틱스 유산균 스페셜핏 100억 유산균 30캡슐, 3개",고려은단 프로바이오틱스 유산균 스페셜핏 100억 유산균,45900,,0,,,47316,4.9,mid_price,high_review,False,False,True,True,2026-06-01,네이버쇼핑-건강식품-많이구매한BEST-일간-2026-06-01-12-02-48.xlsx
naver_shopping,건강식품,naver_buy_daily,많이구매한BEST_일간,30,피에이치365 아기유산균 프로바이오틱스 베이비 돌 유아 아이,피에이치365 아기유산균 프로바이오틱스 베이비 돌 유아 아이,39000,,0,,,99999,4.9,mid_price,high_review,False,False,True,True,2026-06-01,네이버쇼핑-건강식품-많이구매한BEST-일간-2026-06-01-12-02-48.xlsx
naver_shopping,건강식품,naver_buy_daily,많이구매한BEST_일간,31,[6개월분] 메디트리 유산균 100억 장까지 살아가는 캡슐 알약 모유유래유산균,메디트리 유산균 100억 장까지 살아가는 캡슐 알약 모유유래유산균,55900,,0,,,9598,4.9,high_price,mid_review,False,False,True,True,2026-06-01,네이버쇼핑-건강식품-많이구매한BEST-일간-2026-06-01-12-02-48.xlsx
naver_shopping,건강식품,naver_buy_daily,많이구매한BEST_일간,32,서울대 위바이옴 두뇌엔 닥터PS 70 포스파티딜세린 분말 세린에이드,서울대 위바이옴 두뇌엔 닥터ps 70 포스파티딜세린 분말 세린에이드,118000,,0,,,19015,4.8,high_price,mid_review,False,False,True,True,2026-06-01,네이버쇼핑-건강식품-많이구매한BEST-일간-2026-06-01-12-02-48.xlsx
naver_shopping,건강식품,naver_buy_daily,많이구매한BEST_일간,33,[본사 정식 스토어] 김용건이 선택한 청정 울릉도 마가보감 프리미엄 1개월 마가목 열매 엉겅퀴 마가목즙[N배송],정식 스토어 김용건이 선택한 청정 울릉도 마가보감 프리미엄 1개월 마가목 열매 엉겅퀴 마가목즙 n배송,349000,,0,,,795,4.8,high_price,low_review,False,False,True,True,2026-06-01,네이버쇼핑-건강식품-많이구매한BEST-일간-2026-06-01-12-02-48.xlsx
naver_shopping,건강식품,naver_buy_daily,많이구매한BEST_일간,34,조선비책 침향환 초고함량 발효 침향 효능 침향단 체내흡수2.5배 침향원 1박스60환,조선비책 침향환 초고함량 발효 침향 효능 침향단 체내흡수2 5배 침향원 1박스60환,99000,,0,,,70956,4.9,high_price,high_review,False,False,True,True,2026-06-01,네이버쇼핑-건강식품-많이구매한BEST-일간-2026-06-01-12-02-48.xlsx
naver_shopping,건강식품,naver_buy_daily,많이구매한BEST_일간,35,[6개입] 닥터린 송중기 철갑상어 콘드로이친 1200 맥스 저분자 뮤코다당단백,닥터린 송중기 철갑상어 콘드로이친 1200 맥스 저분자 뮤코다당단백,99000,,0,,,27727,4.8,high_price,high_review,False,False,True,True,2026-06-01,네이버쇼핑-건강식품-많이구매한BEST-일간-2026-06-01-12-02-48.xlsx
naver_shopping,건강식품,naver_buy_daily,많이구매한BEST_일간,36,종근당건강 프로메가 알티지 오메가3 듀얼 비타민D 4000IU,종근당건강 프로메가 알티지 오메가3 듀얼 비타민d 4000iu,67000,,0,,,6370,4.9,high_price,mid_review,False,False,True,True,2026-06-01,네이버쇼핑-건강식품-많이구매한BEST-일간-2026-06-01-12-02-48.xlsx
naver_shopping,건강식품,naver_buy_daily,많이구매한BEST_일간,37,마켓오래 유케어 200ml x 24팩 (완전균형영양식),마켓오래 유케어 200ml x 완전균형영양식,49000,,0,,,615,4.8,high_price,low_review,False,False,True,True,2026-06-01,네이버쇼핑-건강식품-많이구매한BEST-일간-2026-06-01-12-02-48.xlsx
naver_shopping,건강식품,naver_buy_daily,많이구매한BEST_일간,38,"고려은단 식물성 퓨어 알티지 오메가3 기억력+ 60캡슐, 3개",고려은단 식물성 퓨어 알티지 오메가3 기억력,44900,,0,,,71385,4.9,mid_price,high_review,False,False,True,True,2026-06-01,네이버쇼핑-건강식품-많이구매한BEST-일간-2026-06-01-12-02-48.xlsx
naver_shopping,건강식품,naver_buy_daily,많이구매한BEST_일간,39,호관원 프리미엄 골드 이만기 홈쇼핑 60포 1박스,호관원 프리미엄 골드 이만기 홈쇼핑,265000,,0,,,701,4.8,high_price,low_review,False,False,False,False,2026-06-01,네이버쇼핑-건강식품-많이구매한BEST-일간-2026-06-01-12-02-48.xlsx
naver_shopping,건강식품,naver_buy_daily,많이구매한BEST_일간,40,[8개월분] 락티브 활성형 엽산 800 non-GMO 임산부 수유부 오은영 성분배합,락티브 활성형 엽산 800 non gmo 임산부 수유부 오은영 성분배합,72000,,0,,,12476,4.9,high_price,mid_review,False,False,True,True,2026-06-01,네이버쇼핑-건강식품-많이구매한BEST-일간-2026-06-01-12-02-48.xlsx
naver_shopping,건강식품,naver_buy_daily,많이구매한BEST_일간,41,"고려은단 메가도스C 비타민C 2000mg X 100포 (200g), 2개",고려은단 메가도스c 비타민c 2000mg x 200g,35900,,0,,,31970,4.9,mid_price,high_review,False,False,True,True,2026-06-01,네이버쇼핑-건강식품-많이구매한BEST-일간-2026-06-01-12-02-48.xlsx
naver_shopping,건강식품,naver_buy_daily,많이구매한BEST_일간,42,[네이버 단독]고려은단 메가도스 이뮨샷 30병 종합멀티비타민+아미노산+아르기닌,고려은단 메가도스 이뮨샷 종합멀티비타민 아미노산 아르기닌,54900,,0,,,30859,4.9,high_price,high_review,False,False,True,True,2026-06-01,네이버쇼핑-건강식품-많이구매한BEST-일간-2026-06-01-12-02-48.xlsx
naver_shopping,건강식품,naver_buy_daily,많이구매한BEST_일간,43,배석철의 아미나 고용량 비타민B3 500mg 미국산 니코틴산아미드,배석철의 아미나 고용량 비타민b3 500mg 미국산 니코틴산아미드,45000,,0,,,922,4.8,mid_price,low_review,False,True,True,True,2026-06-01,네이버쇼핑-건강식품-많이구매한BEST-일간-2026-06-01-12-02-48.xlsx
naver_shopping,건강식품,naver_buy_daily,많이구매한BEST_일간,44,종근당건강 프로메가 오메가3 트리플,종근당건강 프로메가 오메가3 트리플,58900,,0,,,30644,4.9,high_price,high_review,False,False,True,True,2026-06-01,네이버쇼핑-건강식품-많이구매한BEST-일간-2026-06-01-12-02-48.xlsx
naver_shopping,건강식품,naver_buy_daily,많이구매한BEST_일간,45,센트룸 이뮨부스트 데일리 프로텍션C,센트룸 이뮨부스트 데일리 프로텍션c,81000,,0,,,172,4.9,high_price,low_review,False,False,False,False,2026-06-01,네이버쇼핑-건강식품-많이구매한BEST-일간-2026-06-01-12-02-48.xlsx
naver_shopping,건강식품,naver_buy_daily,많이구매한BEST_일간,46,(최신제조) 독일PM쥬스 파워칵테일 리스토레이트 액티바이즈 피트라인 3종세트,최신제조 독일pm쥬스 파워칵테일 리스토레이트 액티바이즈 피트라인 3종세트,123400,,0,,,3995,4.9,high_price,low_review,False,False,True,True,2026-06-01,네이버쇼핑-건강식품-많이구매한BEST-일간-2026-06-01-12-02-48.xlsx
naver_shopping,건강식품,naver_buy_daily,많이구매한BEST_일간,47,사계명원 청명진액 BEST 4박스 60스틱 칼슘마그네슘비타민D 녹용 특허성분 킬슘진액,사계명원 청명진액 best 칼슘마그네슘비타민d 녹용 특허성분 킬슘진액,106000,,0,,,523,4.7,high_price,low_review,False,False,True,True,2026-06-01,네이버쇼핑-건강식품-많이구매한BEST-일간-2026-06-01-12-02-48.xlsx
naver_shopping,건강식품,naver_buy_daily,많이구매한BEST_일간,48,종근당 비타민d 2000iu 임산부 성인 비타민d3 3개월분,종근당 비타민d 2000iu 임산부 성인 비타민d3,11900,,0,,,15234,4.9,low_price,mid_review,False,False,True,True,2026-06-01,네이버쇼핑-건강식품-많이구매한BEST-일간-2026-06-01-12-02-48.xlsx
naver_shopping,건강식품,naver_buy_daily,많이구매한BEST_일간,49,덴프스 덴마크 유산균 이야기 170mg 6박스 (12개월분),덴프스 덴마크 유산균 이야기 170mg,122500,,0,,,9474,4.9,high_price,mid_review,False,False,True,True,2026-06-01,네이버쇼핑-건강식품-많이구매한BEST-일간-2026-06-01-12-02-48.xlsx
naver_shopping,건강식품,naver_buy_daily,많이구매한BEST_일간,50,여에스더 유산균 골드 Pro,여에스더 유산균 골드 pro,89000,,0,,,8866,4.8,high_price,mid_review,False,False,True,True,2026-06-01,네이버쇼핑-건강식품-많이구매한BEST-일간-2026-06-01-12-02-48.xlsx
naver_shopping,건강식품,naver_buy_daily,많이구매한BEST_일간,51,뉴케어 구수한맛 클래식 1BOX + 영양간식,뉴케어 구수한맛 클래식 영양간식,44990,,0,,,24238,4.9,mid_price,mid_review,False,False,True,True,2026-06-01,네이버쇼핑-건강식품-많이구매한BEST-일간-2026-06-01-12-02-48.xlsx
naver_shopping,건강식품,naver_buy_daily,많이구매한BEST_일간,52,센트룸 실버 포 우먼 종합 멀티 비타민 영양제 112정 비타민B12 대용량,센트룸 실버 포 우먼 종합 멀티 비타민 영양제 비타민b12,35690,,0,,,10957,4.8,mid_price,mid_review,False,False,True,True,2026-06-01,네이버쇼핑-건강식품-많이구매한BEST-일간-2026-06-01-12-02-48.xlsx
naver_shopping,건강식품,naver_buy_daily,많이구매한BEST_일간,53,"고려은단 비타민C 1000 이지+비타민D 180정, 2개 (6개월분)",고려은단 비타민c 1000 이지 비타민d,29900,,0,,,99999,4.9,mid_price,high_review,False,False,True,True,2026-06-01,네이버쇼핑-건강식품-많이구매한BEST-일간-2026-06-01-12-02-48.xlsx
naver_shopping,건강식품,naver_buy_daily,많이구매한BEST_일간,54,[슈퍼적립] 솔티스 눈 프로텍션 프로S3 3박스 눈 건강,슈퍼적립 솔티스 눈 프로텍션 프로s3 눈 건강,38700,,0,,,8809,4.7,mid_price,mid_review,False,False,True,True,2026-06-01,네이버쇼핑-건강식품-많이구매한BEST-일간-2026-06-01-12-02-48.xlsx
naver_shopping,건강식품,naver_buy_daily,많이구매한BEST_일간,55,그레인온 골드 카무트 효소,그레인온 골드 카무트 효소,72900,,0,,,94485,4.9,high_price,high_review,False,True,True,True,2026-06-01,네이버쇼핑-건강식품-많이구매한BEST-일간-2026-06-01-12-02-48.xlsx
naver_shopping,건강식품,naver_buy_daily,많이구매한BEST_일간,56,"고려은단 멀티비타민 올인원 60정 (4종 택2), 2개",고려은단 멀티비타민 올인원 4종 택2,42900,,0,,,6597,4.9,mid_price,mid_review,False,False,True,True,2026-06-01,네이버쇼핑-건강식품-많이구매한BEST-일간-2026-06-01-12-02-48.xlsx
naver_shopping,건강식품,naver_buy_daily,많이구매한BEST_일간,57,종근당 락토핏 생유산균 골드 150포 5개월분 20억 50포 x 3통,종근당 락토핏 생유산균 골드 20억 x,28900,,0,,,3371,4.9,mid_price,low_review,False,False,True,True,2026-06-01,네이버쇼핑-건강식품-많이구매한BEST-일간-2026-06-01-12-02-48.xlsx
naver_shopping,건강식품,naver_buy_daily,많이구매한BEST_일간,58,종근당 장건강프로젝트365 비피더스 유산균 100억,종근당 장건강프로젝트365 비피더스 유산균 100억,63900,,0,,,11060,4.9,high_price,mid_review,False,False,False,False,2026-06-01,네이버쇼핑-건강식품-많이구매한BEST-일간-2026-06-01-12-02-48.xlsx
naver_shopping,건강식품,naver_buy_daily,많이구매한BEST_일간,59,GNM 올리브오일 1000mg 30캡슐 5박스 / 유기농 엑스트라버진 올리브유,gnm 올리브오일 1000mg 유기농 엑스트라버진 올리브유,25900,,0,,,14482,4.9,mid_price,mid_review,False,False,True,True,2026-06-01,네이버쇼핑-건강식품-많이구매한BEST-일간-2026-06-01-12-02-48.xlsx
naver_shopping,건강식품,naver_buy_daily,많이구매한BEST_일간,60,비엔날씬 비에날씬 프로 다이어트 유산균 모유유래 비엔알 BNR17 김희선,비엔날씬 비에날씬 프로 다이어트 유산균 모유유래 비엔알 bnr17 김희선,41830,,0,,,640,4.7,mid_price,low_review,False,False,False,False,2026-06-01,네이버쇼핑-건강식품-많이구매한BEST-일간-2026-06-01-12-02-48.xlsx
naver_shopping,건강식품,naver_buy_daily,많이구매한BEST_일간,61,안국약품 토비콤 루테인 지아잔틴 아스타잔틴 루지아,안국약품 토비콤 루테인 지아잔틴 아스타잔틴 루지아,51000,,0,,,6328,4.8,high_price,mid_review,False,False,True,True,2026-06-01,네이버쇼핑-건강식품-많이구매한BEST-일간-2026-06-01-12-02-48.xlsx
naver_shopping,건강식품,naver_buy_daily,많이구매한BEST_일간,62,"[휴온스N] 김정난 갱년기유산균YT1 메노락토 프로바이오틱스 3개월분, 90캡슐 1박스+프리미엄 징코 12일분",휴온스n 김정난 갱년기유산균yt1 메노락토 프로바이오틱스 프리미엄 징코,128000,,0,,,41442,4.8,high_price,high_review,False,False,True,True,2026-06-01,네이버쇼핑-건강식품-많이구매한BEST-일간-2026-06-01-12-02-48.xlsx
naver_shopping,건강식품,naver_buy_daily,많이구매한BEST_일간,63,"고려은단 메가도스B 비타민B 컴플렉스 60정, 3개 (6개월분)",고려은단 메가도스b 비타민b 컴플렉스,47900,,0,,,34838,4.9,high_price,high_review,False,False,True,True,2026-06-01,네이버쇼핑-건강식품-많이구매한BEST-일간-2026-06-01-12-02-48.xlsx
naver_shopping,건강식품,naver_buy_daily,많이구매한BEST_일간,64,혈액순환 진센큐 영양제 4개월분 은행잎추출물 나토키나제 징코 혈행 기억력 뇌건강 키토나제12 효소 병풀잎(부원료),혈액순환 진센큐 영양제 은행잎추출물 나토키나제 징코 혈행 기억력 뇌건강 키토나제12 효소 병풀잎 부원료,89000,,0,,,47316,4.8,high_price,high_review,False,False,False,False,2026-06-01,네이버쇼핑-건강식품-많이구매한BEST-일간-2026-06-01-12-02-48.xlsx
naver_shopping,건강식품,naver_buy_daily,많이구매한BEST_일간,65,(본사공식) 아이뮨랩 루마큐라 3개월,아이뮨랩 루마큐라 3개월,119100,,0,,,420,4.7,high_price,low_review,False,False,True,True,2026-06-01,네이버쇼핑-건강식품-많이구매한BEST-일간-2026-06-01-12-02-48.xlsx
naver_shopping,건강식품,naver_buy_daily,많이구매한BEST_일간,66,(총 2박스 60포 2개월분) 이경제 흑염소 진액 진 엑기스 즙 이경재 국내산 리뉴얼 70ml,총 이경제 흑염소 진액 진 엑기스 즙 이경재 국내산 70ml,94900,,0,,,32246,4.9,high_price,high_review,False,False,False,False,2026-06-01,네이버쇼핑-건강식품-많이구매한BEST-일간-2026-06-01-12-02-48.xlsx
naver_shopping,건강식품,naver_buy_daily,많이구매한BEST_일간,67,락토핏 플러스 듀얼바이오틱스 생유산균 200포 코스트코 종근당 프로바이오틱스 장 대용량,락토핏 플러스 듀얼바이오틱스 생유산균 코스트코 종근당 프로바이오틱스 장,31200,,0,,,9550,4.8,mid_price,mid_review,False,False,True,True,2026-06-01,네이버쇼핑-건강식품-많이구매한BEST-일간-2026-06-01-12-02-48.xlsx
naver_shopping,건강식품,naver_buy_daily,많이구매한BEST_일간,68,암웨이 더블엑스 리필 종합 비타민 무기질,암웨이 더블엑스 리필 종합 비타민 무기질,67500,,0,,,4308,4.9,high_price,low_review,False,False,True,True,2026-06-01,네이버쇼핑-건강식품-많이구매한BEST-일간-2026-06-01-12-02-48.xlsx
naver_shopping,건강식품,naver_buy_daily,많이구매한BEST_일간,69,더리얼 캐나다 알티지 rTG 오메가3 맥스 1400 초임계 2개월 EPA DHA,더리얼 캐나다 알티지 rtg 오메가3 맥스 1400 초임계 2개월 epa dha,35900,,0,,,99999,4.8,mid_price,high_review,False,False,True,True,2026-06-01,네이버쇼핑-건강식품-많이구매한BEST-일간-2026-06-01-12-02-48.xlsx
naver_shopping,건강식품,naver_buy_daily,많이구매한BEST_일간,70,"속편한 고려은단 비타민C 1000 중성비타민C 120정, 2개 (8개월분)",속편한 고려은단 비타민c 1000 중성비타민c,33900,,0,,,67529,4.9,mid_price,high_review,False,False,True,True,2026-06-01,네이버쇼핑-건강식품-많이구매한BEST-일간-2026-06-01-12-02-48.xlsx
naver_shopping,건강식품,naver_buy_daily,많이구매한BEST_일간,71,"GNM 루테인 지아잔틴 아스타잔틴 30캡슐, 3개",gnm 루테인 지아잔틴 아스타잔틴,36900,,0,,,47431,4.9,mid_price,high_review,False,False,True,True,2026-06-01,네이버쇼핑-건강식품-많이구매한BEST-일간-2026-06-01-12-02-48.xlsx
naver_shopping,건강식품,naver_buy_daily,많이구매한BEST_일간,72,솔티스 간 프로텍션 쉬잔세틴 개별인정원료,솔티스 간 프로텍션 쉬잔세틴 개별인정원료,50700,,0,,,1145,4.7,high_price,low_review,False,False,True,True,2026-06-01,네이버쇼핑-건강식품-많이구매한BEST-일간-2026-06-01-12-02-48.xlsx
naver_shopping,건강식품,naver_buy_daily,많이구매한BEST_일간,73,"고려은단 코엔자임Q10 90캡슐, 2개 (6개월분)",고려은단 코엔자임q10,33900,,0,,,15459,4.9,mid_price,mid_review,False,False,True,True,2026-06-01,네이버쇼핑-건강식품-많이구매한BEST-일간-2026-06-01-12-02-48.xlsx
naver_shopping,건강식품,naver_buy_daily,많이구매한BEST_일간,74,덕인가 저온 발효 황칠 뿌리 진액 명인황근 30포 + 체험 1포,덕인가 저온 발효 황칠 뿌리 진액 명인황근 체험,198000,,0,,,968,4.8,high_price,low_review,False,False,False,False,2026-06-01,네이버쇼핑-건강식품-많이구매한BEST-일간-2026-06-01-12-02-48.xlsx
naver_shopping,건강식품,naver_buy_daily,많이구매한BEST_일간,75,YDY 폴라초임계오메가3 알티지오메가 고상온약사 성분배합,ydy 폴라초임계오메가3 알티지오메가 고상온약사 성분배합,89000,,0,,,17279,4.9,high_price,mid_review,False,False,False,False,2026-06-01,네이버쇼핑-건강식품-많이구매한BEST-일간-2026-06-01-12-02-48.xlsx
naver_shopping,건강식품,naver_buy_daily,많이구매한BEST_일간,76,[총 9개월분] GNM 칼슘 마그네슘 아연 비타민D 90정 x 3병 / 칼마디,총 gnm 칼슘 마그네슘 아연 비타민d x 칼마디,33900,,0,,,58056,4.9,mid_price,high_review,False,False,True,True,2026-06-01,네이버쇼핑-건강식품-많이구매한BEST-일간-2026-06-01-12-02-48.xlsx
naver_shopping,건강식품,naver_buy_daily,많이구매한BEST_일간,77,종근당건강 아이클리어 루테인 지아잔틴 아스타잔틴,종근당건강 아이클리어 루테인 지아잔틴 아스타잔틴,75000,,0,,,7841,4.9,high_price,mid_review,False,False,True,True,2026-06-01,네이버쇼핑-건강식품-많이구매한BEST-일간-2026-06-01-12-02-48.xlsx
naver_shopping,건강식품,naver_buy_daily,많이구매한BEST_일간,78,[4+1] 뉴트리코어 하이퍼셀 대마종자유 맥스 햄프씨드 오일 5개월,4 1 뉴트리코어 하이퍼셀 대마종자유 맥스 햄프씨드 오일 5개월,108000,,0,,,1511,4.7,high_price,low_review,False,False,False,False,2026-06-01,네이버쇼핑-건강식품-많이구매한BEST-일간-2026-06-01-12-02-48.xlsx
naver_shopping,건강식품,naver_buy_daily,많이구매한BEST_일간,79,비토노 이왕재박사 메가 비타민C 2000mg 고함량 영국산 분말 비타민씨,비토노 이왕재박사 메가 비타민c 2000mg 고함량 영국산 분말 비타민씨,65900,,0,,,34075,4.9,high_price,high_review,False,False,True,True,2026-06-01,네이버쇼핑-건강식품-많이구매한BEST-일간-2026-06-01-12-02-48.xlsx
naver_shopping,건강식품,naver_buy_daily,많이구매한BEST_일간,80,센트룸 우먼 더블업,센트룸 우먼 더블업,69000,,0,,,24944,4.9,high_price,mid_review,False,False,False,True,2026-06-01,네이버쇼핑-건강식품-많이구매한BEST-일간-2026-06-01-12-02-48.xlsx
naver_shopping,건강식품,naver_buy_daily,많이구매한BEST_일간,81,🎁부스터워터 증정🎁 [두드림] 슬림웨이 카무트 브랜드밀 발효효소,부스터워터 두드림 슬림웨이 카무트 브랜드밀 발효효소,69900,,0,,,2248,4.8,high_price,low_review,False,False,False,False,2026-06-01,네이버쇼핑-건강식품-많이구매한BEST-일간-2026-06-01-12-02-48.xlsx
naver_shopping,건강식품,naver_buy_daily,많이구매한BEST_일간,82,[이태리산] 유기농 대마종자유 냉압착 대마씨유 1병,이태리산 유기농 대마종자유 냉압착 대마씨유,21900,,0,,,1193,4.8,mid_price,low_review,False,False,False,False,2026-06-01,네이버쇼핑-건강식품-많이구매한BEST-일간-2026-06-01-12-02-48.xlsx
naver_shopping,건강식품,naver_buy_daily,많이구매한BEST_일간,83,고려은단 메가도스 비타민C 3000 고함량 비타민씨 영국산비타민c 가루 2개월,고려은단 메가도스 비타민c 3000 고함량 비타민씨 영국산비타민c 가루 2개월,19430,,0,,,3124,4.9,low_price,low_review,False,False,True,True,2026-06-01,네이버쇼핑-건강식품-많이구매한BEST-일간-2026-06-01-12-02-48.xlsx
naver_shopping,건강식품,naver_buy_daily,많이구매한BEST_일간,84,[손흥민 PICK] 하루틴 리포좀 비타민C,손흥민 pick 하루틴 리포좀 비타민c,62900,,0,,,38515,4.8,high_price,high_review,False,False,True,True,2026-06-01,네이버쇼핑-건강식품-많이구매한BEST-일간-2026-06-01-12-02-48.xlsx
naver_shopping,건강식품,naver_buy_daily,많이구매한BEST_일간,85,BNR17유산균 비엔날씬 비에날씬 프로 김희선 다이어트 유산균,bnr17유산균 비엔날씬 비에날씬 프로 김희선 다이어트 유산균,131300,,0,,,10187,4.8,high_price,mid_review,False,False,False,False,2026-06-01,네이버쇼핑-건강식품-많이구매한BEST-일간-2026-06-01-12-02-48.xlsx
naver_shopping,건강식품,naver_buy_daily,많이구매한BEST_일간,86,뉴트리원 이병헌 브레인 알파 피에스 포스파티딜세린 두 뇌 인지력,뉴트리원 이병헌 브레인 알파 피에스 포스파티딜세린 두 뇌 인지력,131900,,0,,,19821,4.8,high_price,mid_review,False,False,False,False,2026-06-01,네이버쇼핑-건강식품-많이구매한BEST-일간-2026-06-01-12-02-48.xlsx
naver_shopping,건강식품,naver_buy_daily,많이구매한BEST_일간,87,국내발송 자로우 펨 도피러스 업그레이드 60캡슐 여성 질유산균 팸 도필러스 재로우 임산부 변비,국내발송 자로우 펨 도피러스 업그레이드 여성 질유산균 팸 도필러스 재로우 임산부 변비,32900,,0,,,2656,4.9,mid_price,low_review,False,False,True,True,2026-06-01,네이버쇼핑-건강식품-많이구매한BEST-일간-2026-06-01-12-02-48.xlsx
naver_shopping,건강식품,naver_buy_daily,많이구매한BEST_일간,88,저스트글로우 알파리포산 R리포산 600mg 120캡슐 약4개월분 효능,저스트글로우 알파리포산 r리포산 600mg 약4개월분 효능,42800,,0,,,345,4.8,mid_price,low_review,False,False,False,False,2026-06-01,네이버쇼핑-건강식품-많이구매한BEST-일간-2026-06-01-12-02-48.xlsx
naver_shopping,건강식품,naver_buy_daily,많이구매한BEST_일간,89,센트룸 맨 더블업,센트룸 맨 더블업,69000,,0,,,22354,4.9,high_price,mid_review,False,False,False,False,2026-06-01,네이버쇼핑-건강식품-많이구매한BEST-일간-2026-06-01-12-02-48.xlsx
naver_shopping,건강식품,naver_buy_daily,많이구매한BEST_일간,90,[신신제약] 미야리산U 낙산균 프로바이오틱스,신신제약 미야리산u 낙산균 프로바이오틱스,45000,,0,,,27878,4.8,mid_price,high_review,False,False,True,True,2026-06-01,네이버쇼핑-건강식품-많이구매한BEST-일간-2026-06-01-12-02-48.xlsx
naver_shopping,건강식품,naver_buy_daily,많이구매한BEST_일간,91,바이오크로스 남진 쏘팔코사놀 레드 4개월분 옥타코사놀 쏘팔메토 골드,바이오크로스 남진 쏘팔코사놀 레드 옥타코사놀 쏘팔메토 골드,120000,,0,,,13338,4.8,high_price,mid_review,False,False,True,True,2026-06-01,네이버쇼핑-건강식품-많이구매한BEST-일간-2026-06-01-12-02-48.xlsx
naver_shopping,건강식품,naver_buy_daily,많이구매한BEST_일간,92,디아이3 루테인 아스타잔틴 오메가3 눈건강,디아이3 루테인 아스타잔틴 오메가3 눈건강,59000,,0,,,4148,4.9,high_price,low_review,False,False,False,False,2026-06-01,네이버쇼핑-건강식품-많이구매한BEST-일간-2026-06-01-12-02-48.xlsx
naver_shopping,건강식품,naver_buy_daily,많이구매한BEST_일간,93,두뇌엔 닥터 PS맥스 PS80 서울대 위바이옴 포스파티딜세린 영양제 두뇌,두뇌엔 닥터 ps맥스 ps80 서울대 위바이옴 포스파티딜세린 영양제 두뇌,227800,,0,,,1037,4.8,high_price,low_review,False,False,False,False,2026-06-01,네이버쇼핑-건강식품-많이구매한BEST-일간-2026-06-01-12-02-48.xlsx
naver_shopping,건강식품,naver_buy_daily,많이구매한BEST_일간,94,서울대 위바이옴 두뇌엔 닥터PS 맥스 순도80% 포스파티딜세린 분말,서울대 위바이옴 두뇌엔 닥터ps 맥스 순도80 포스파티딜세린 분말,199000,,0,,,7687,4.9,high_price,mid_review,False,False,True,True,2026-06-01,네이버쇼핑-건강식품-많이구매한BEST-일간-2026-06-01-12-02-48.xlsx
naver_shopping,건강식품,naver_buy_daily,많이구매한BEST_일간,95,(유통기한 27년 1월) 멀티비타민 오쏘몰 바이탈 M 7일분 4박스 + 1일분 2개 + 쇼핑백 총 30일분,유통기한 27년 1월 멀티비타민 오쏘몰 바이탈 m 쇼핑백 총,83000,,0,,,6197,4.9,high_price,mid_review,False,False,False,False,2026-06-01,네이버쇼핑-건강식품-많이구매한BEST-일간-2026-06-01-12-02-48.xlsx
naver_shopping,건강식품,naver_buy_daily,많이구매한BEST_일간,96,[비타바움] 멀티비타민키즈 + V - Complex15 (30일분),비타바움 멀티비타민키즈 v complex15,95200,,0,,,45,4.9,high_price,low_review,False,False,False,False,2026-06-01,네이버쇼핑-건강식품-많이구매한BEST-일간-2026-06-01-12-02-48.xlsx
naver_shopping,건강식품,naver_buy_daily,많이구매한BEST_일간,97,오쏘몰 이뮨 멀티비타민 30일분 동아제약 국내배송 고급 쇼핑백,오쏘몰 이뮨 멀티비타민 동아제약 고급 쇼핑백,77900,,0,,,696,4.9,high_price,low_review,False,False,True,True,2026-06-01,네이버쇼핑-건강식품-많이구매한BEST-일간-2026-06-01-12-02-48.xlsx
naver_shopping,건강식품,naver_buy_daily,많이구매한BEST_일간,98,헤라클레스 엑스퍼트 알래스카 알티지 오메가3,헤라클레스 엑스퍼트 알래스카 알티지 오메가3,79800,,0,,,7750,4.9,high_price,mid_review,False,False,False,False,2026-06-01,네이버쇼핑-건강식품-많이구매한BEST-일간-2026-06-01-12-02-48.xlsx
naver_shopping,건강식품,naver_buy_daily,많이구매한BEST_일간,99,솔가 철분제 25,솔가 철분제 25,25200,,0,,,30819,4.9,mid_price,high_review,False,False,False,False,2026-06-01,네이버쇼핑-건강식품-많이구매한BEST-일간-2026-06-01-12-02-48.xlsx
naver_shopping,건강식품,naver_buy_daily,많이구매한BEST_일간,100,[6개월분] 락티브 식물성 멜라토닌 2mg 함유 멜라드림,락티브 식물성 멜라토닌 2mg 함유 멜라드림,49000,,0,,,41629,4.7,high_price,high_review,False,False,True,True,2026-06-01,네이버쇼핑-건강식품-많이구매한BEST-일간-2026-06-01-12-02-48.xlsx
naver_shopping,건강식품,naver_buy_weekly,많이구매한BEST_주간,1,BNR17 비에날씬 다이어트 유산균 모유유래 체지방감소 3개월 캡슐 + 비에날씬 활력UP 7포 (1BOX),bnr17 비에날씬 다이어트 유산균 모유유래 체지방감소 3개월 캡슐 비에날씬 활력up,198000,,0,,,89641,4.8,high_price,high_review,True,False,True,True,2026-06-01,네이버쇼핑-건강식품-많이구매한BEST-주간-2026-06-01-12-03-53.xlsx
naver_shopping,건강식품,naver_buy_weekly,많이구매한BEST_주간,2,그레인온 골드 카무트 효소,그레인온 골드 카무트 효소,44900,,0,,,94485,4.9,mid_price,high_review,True,True,True,True,2026-06-01,네이버쇼핑-건강식품-많이구매한BEST-주간-2026-06-01-12-03-53.xlsx
naver_shopping,건강식품,naver_buy_weekly,많이구매한BEST_주간,3,"고려은단 메가도스C 비타민C 3000mg X 100포 (300g), 2개",고려은단 메가도스c 비타민c 3000mg x 300g,49900,,0,,,99999,4.9,high_price,high_review,True,True,True,True,2026-06-01,네이버쇼핑-건강식품-많이구매한BEST-주간-2026-06-01-12-03-53.xlsx
naver_shopping,건강식품,naver_buy_weekly,많이구매한BEST_주간,4,고려은단 비타민C 1000 600정 X 1개 (20개월분),고려은단 비타민c 1000 x,42900,,0,,,99999,4.9,mid_price,high_review,True,False,True,True,2026-06-01,네이버쇼핑-건강식품-많이구매한BEST-주간-2026-06-01-12-03-53.xlsx
naver_shopping,건강식품,naver_buy_weekly,많이구매한BEST_주간,5,"고려은단 식물성 퓨어 알티지 오메가3 60캡슐, 3개 (6개월분)",고려은단 식물성 퓨어 알티지 오메가3,49900,,0,,,99999,4.9,high_price,high_review,True,False,True,True,2026-06-01,네이버쇼핑-건강식품-많이구매한BEST-주간-2026-06-01-12-03-53.xlsx
naver_shopping,건강식품,naver_buy_weekly,많이구매한BEST_주간,6,주영엔에스 관절엔 콘드로이친 1200,주영엔에스 관절엔 콘드로이친 1200,175000,,0,,,99999,4.9,high_price,high_review,True,True,True,True,2026-06-01,네이버쇼핑-건강식품-많이구매한BEST-주간-2026-06-01-12-03-53.xlsx
naver_shopping,건강식품,naver_buy_weekly,많이구매한BEST_주간,7,배석철의 아미나 고용량 비타민B3 500mg 미국산 니코틴산아미드,배석철의 아미나 고용량 비타민b3 500mg 미국산 니코틴산아미드,48000,,0,,,9136,4.8,high_price,mid_review,True,True,True,True,2026-06-01,네이버쇼핑-건강식품-많이구매한BEST-주간-2026-06-01-12-03-53.xlsx
naver_shopping,건강식품,naver_buy_weekly,많이구매한BEST_주간,8,"고려은단 루테인 지아잔틴 아스타잔틴 60캡슐, 3개 (6개월분)",고려은단 루테인 지아잔틴 아스타잔틴,64900,,0,,,61974,4.9,high_price,high_review,True,False,True,True,2026-06-01,네이버쇼핑-건강식품-많이구매한BEST-주간-2026-06-01-12-03-53.xlsx
naver_shopping,건강식품,naver_buy_weekly,많이구매한BEST_주간,9,덴마크 유산균이야기,덴마크 유산균이야기,157000,,0,,,99999,4.9,high_price,high_review,True,False,True,True,2026-06-01,네이버쇼핑-건강식품-많이구매한BEST-주간-2026-06-01-12-03-53.xlsx
naver_shopping,건강식품,naver_buy_weekly,많이구매한BEST_주간,10,[장사의신 장신몰] 홍삼진액 6년근 국산 홍삼 농축액 스틱 선물세트 활력의신 12g 30포,장사의신 장신몰 홍삼진액 6년근 국산 홍삼 농축액 스틱 선물세트 활력의신 12g,21900,,0,,,2188,4.9,mid_price,low_review,True,False,False,False,2026-06-01,네이버쇼핑-건강식품-많이구매한BEST-주간-2026-06-01-12-03-53.xlsx
naver_shopping,건강식품,naver_buy_weekly,많이구매한BEST_주간,11,종근당건강 락토핏 코어 360 기획세트(360일분),종근당건강 락토핏 코어,69900,,0,,,46072,4.9,high_price,high_review,True,False,True,True,2026-06-01,네이버쇼핑-건강식품-많이구매한BEST-주간-2026-06-01-12-03-53.xlsx
naver_shopping,건강식품,naver_buy_weekly,많이구매한BEST_주간,12,[네이버단독] 정관장 에브리타임 소프트 10ml 50포,정관장 에브리타임 소프트 10ml,110000,,0,,,46372,4.9,high_price,high_review,True,False,True,True,2026-06-01,네이버쇼핑-건강식품-많이구매한BEST-주간-2026-06-01-12-03-53.xlsx
naver_shopping,건강식품,naver_buy_weekly,많이구매한BEST_주간,13,애터미 헤모힘 효능 헤모임 해모임 해모힘 성분 20ml x 60포,애터미 헤모힘 효능 헤모임 해모임 해모힘 성분 20ml x,57460,,0,,,774,4.8,high_price,low_review,True,False,True,True,2026-06-01,네이버쇼핑-건강식품-많이구매한BEST-주간-2026-06-01-12-03-53.xlsx
naver_shopping,건강식품,naver_buy_weekly,많이구매한BEST_주간,14,고려은단 비타민C 1000 영국산 고함량 비타민씨 600정,고려은단 비타민c 1000 영국산 고함량 비타민씨,41900,,0,,,9952,4.9,mid_price,mid_review,True,False,True,True,2026-06-01,네이버쇼핑-건강식품-많이구매한BEST-주간-2026-06-01-12-03-53.xlsx
naver_shopping,건강식품,naver_buy_weekly,많이구매한BEST_주간,15,Granny Salad 그래니 샐러드,granny salad 그래니 샐러드,22900,,0,,,2929,4.7,mid_price,low_review,True,False,True,True,2026-06-01,네이버쇼핑-건강식품-많이구매한BEST-주간-2026-06-01-12-03-53.xlsx
naver_shopping,건강식품,naver_buy_weekly,많이구매한BEST_주간,16,GNM 조정석 건강한 간 밀크씨슬 5박스(총 5개월분) / 간건강 실리마린 비타민B,gnm 조정석 건강한 간 밀크씨슬 총 간건강 실리마린 비타민b,21900,,0,,,99999,4.8,mid_price,high_review,True,False,True,True,2026-06-01,네이버쇼핑-건강식품-많이구매한BEST-주간-2026-06-01-12-03-53.xlsx
naver_shopping,건강식품,naver_buy_weekly,많이구매한BEST_주간,17,"고려은단 프로바이오틱스 유산균 스페셜핏 100억 유산균 30캡슐, 3개",고려은단 프로바이오틱스 유산균 스페셜핏 100억 유산균,45900,,0,,,47316,4.9,mid_price,high_review,True,False,True,True,2026-06-01,네이버쇼핑-건강식품-많이구매한BEST-주간-2026-06-01-12-03-53.xlsx
naver_shopping,건강식품,naver_buy_weekly,많이구매한BEST_주간,18,GNM 올리브오일 1000mg 30캡슐 5박스 / 유기농 엑스트라버진 올리브유,gnm 올리브오일 1000mg 유기농 엑스트라버진 올리브유,25900,,0,,,14482,4.9,mid_price,mid_review,True,False,True,True,2026-06-01,네이버쇼핑-건강식품-많이구매한BEST-주간-2026-06-01-12-03-53.xlsx
naver_shopping,건강식품,naver_buy_weekly,많이구매한BEST_주간,19,종근당건강 프로메가 알티지 오메가3 듀얼 비타민D 4000IU,종근당건강 프로메가 알티지 오메가3 듀얼 비타민d 4000iu,67000,,0,,,6370,4.9,high_price,mid_review,True,False,True,True,2026-06-01,네이버쇼핑-건강식품-많이구매한BEST-주간-2026-06-01-12-03-53.xlsx
naver_shopping,건강식품,naver_buy_weekly,많이구매한BEST_주간,20,본사직영몰 신애라 PICK 더파인프리미엄 100% 솔잎증류농축액 혈당케어,몰 신애라 pick 더파인프리미엄 100 솔잎증류농축액 혈당케어,308000,,0,,,1122,4.7,high_price,low_review,True,False,True,True,2026-06-01,네이버쇼핑-건강식품-많이구매한BEST-주간-2026-06-01-12-03-53.xlsx
naver_shopping,건강식품,naver_buy_weekly,많이구매한BEST_주간,21,조선비책 침향환 초고함량 발효 침향 효능 침향단 체내흡수2.5배 침향원 1박스60환,조선비책 침향환 초고함량 발효 침향 효능 침향단 체내흡수2 5배 침향원 1박스60환,99000,,0,,,70956,4.9,high_price,high_review,False,False,True,True,2026-06-01,네이버쇼핑-건강식품-많이구매한BEST-주간-2026-06-01-12-03-53.xlsx
naver_shopping,건강식품,naver_buy_weekly,많이구매한BEST_주간,22,[6개월분] 메디트리 유산균 100억 장까지 살아가는 캡슐 알약 모유유래유산균,메디트리 유산균 100억 장까지 살아가는 캡슐 알약 모유유래유산균,55900,,0,,,9598,4.9,high_price,mid_review,False,False,True,True,2026-06-01,네이버쇼핑-건강식품-많이구매한BEST-주간-2026-06-01-12-03-53.xlsx
naver_shopping,건강식품,naver_buy_weekly,많이구매한BEST_주간,23,"[네이버 단독]고려은단 메가도스D 비타민D3 4000IU 180정, 2개 (1년분)",고려은단 메가도스d 비타민d3 4000iu 1년분,31900,,0,,,28669,4.9,mid_price,high_review,False,False,True,True,2026-06-01,네이버쇼핑-건강식품-많이구매한BEST-주간-2026-06-01-12-03-53.xlsx
naver_shopping,건강식품,naver_buy_weekly,많이구매한BEST_주간,24,[슈퍼적립 / 6개월분] CJ 바이오코어 500억 보장 부자 화사 유산균 상온보관 프로바이오틱스,슈퍼적립 cj 바이오코어 500억 보장 부자 화사 유산균 상온보관 프로바이오틱스,169000,,0,,,57040,4.9,high_price,high_review,False,False,False,False,2026-06-01,네이버쇼핑-건강식품-많이구매한BEST-주간-2026-06-01-12-03-53.xlsx
naver_shopping,건강식품,naver_buy_weekly,많이구매한BEST_주간,25,여에스더 유산균 골드 Pro,여에스더 유산균 골드 pro,89000,,0,,,8866,4.8,high_price,mid_review,False,False,True,True,2026-06-01,네이버쇼핑-건강식품-많이구매한BEST-주간-2026-06-01-12-03-53.xlsx
naver_shopping,건강식품,naver_buy_weekly,많이구매한BEST_주간,26,피에이치365 아기유산균 프로바이오틱스 베이비 돌 유아 아이,피에이치365 아기유산균 프로바이오틱스 베이비 돌 유아 아이,39000,,0,,,99999,4.9,mid_price,high_review,False,False,True,True,2026-06-01,네이버쇼핑-건강식품-많이구매한BEST-주간-2026-06-01-12-03-53.xlsx
naver_shopping,건강식품,naver_buy_weekly,많이구매한BEST_주간,27,덴프스 덴마크 유산균 이야기 170mg 6박스 (12개월분),덴프스 덴마크 유산균 이야기 170mg,122500,,0,,,9474,4.9,high_price,mid_review,False,False,True,True,2026-06-01,네이버쇼핑-건강식품-많이구매한BEST-주간-2026-06-01-12-03-53.xlsx
naver_shopping,건강식품,naver_buy_weekly,많이구매한BEST_주간,28,주영엔에스 뼈엔 엠비피MBP,주영엔에스 뼈엔 엠비피mbp,123000,,0,,,99999,4.9,high_price,high_review,False,False,True,True,2026-06-01,네이버쇼핑-건강식품-많이구매한BEST-주간-2026-06-01-12-03-53.xlsx
naver_shopping,건강식품,naver_buy_weekly,많이구매한BEST_주간,29,뉴케어 균형영양식 구수한맛 200ml 외 5종 (10팩+10팩),뉴케어 균형영양식 구수한맛 200ml 외 5종,39000,,0,,,3153,4.9,mid_price,low_review,False,False,True,True,2026-06-01,네이버쇼핑-건강식품-많이구매한BEST-주간-2026-06-01-12-03-53.xlsx
naver_shopping,건강식품,naver_buy_weekly,많이구매한BEST_주간,30,[본사 정식 스토어] 김용건이 선택한 청정 울릉도 마가보감 프리미엄 1개월 마가목 열매 엉겅퀴 마가목즙[N배송],정식 스토어 김용건이 선택한 청정 울릉도 마가보감 프리미엄 1개월 마가목 열매 엉겅퀴 마가목즙 n배송,349000,,0,,,795,4.8,high_price,low_review,False,False,True,True,2026-06-01,네이버쇼핑-건강식품-많이구매한BEST-주간-2026-06-01-12-03-53.xlsx
naver_shopping,건강식품,naver_buy_weekly,많이구매한BEST_주간,31,멀티비타민 오쏘몰 이뮨 비타민 30일분 + 쇼핑백 이뮨샷,멀티비타민 오쏘몰 이뮨 비타민 쇼핑백 이뮨샷,104000,,0,,,87972,4.9,high_price,high_review,False,False,False,False,2026-06-01,네이버쇼핑-건강식품-많이구매한BEST-주간-2026-06-01-12-03-53.xlsx
naver_shopping,건강식품,naver_buy_weekly,많이구매한BEST_주간,32,"고려은단 비타민C 1000 이지+비타민D 180정, 2개 (6개월분)",고려은단 비타민c 1000 이지 비타민d,29900,,0,,,99999,4.9,mid_price,high_review,False,False,True,True,2026-06-01,네이버쇼핑-건강식품-많이구매한BEST-주간-2026-06-01-12-03-53.xlsx
naver_shopping,건강식품,naver_buy_weekly,많이구매한BEST_주간,33,종근당 비타민d 2000iu 임산부 성인 비타민d3 3개월분,종근당 비타민d 2000iu 임산부 성인 비타민d3,11900,,0,,,15234,4.9,low_price,mid_review,False,False,True,True,2026-06-01,네이버쇼핑-건강식품-많이구매한BEST-주간-2026-06-01-12-03-53.xlsx
naver_shopping,건강식품,naver_buy_weekly,많이구매한BEST_주간,34,"고려은단 메가도스C 비타민C 2000mg X 100포 (200g), 2개",고려은단 메가도스c 비타민c 2000mg x 200g,35900,,0,,,31970,4.9,mid_price,high_review,False,False,True,True,2026-06-01,네이버쇼핑-건강식품-많이구매한BEST-주간-2026-06-01-12-03-53.xlsx
naver_shopping,건강식품,naver_buy_weekly,많이구매한BEST_주간,35,[신신제약] 미야리산U 낙산균 프로바이오틱스,신신제약 미야리산u 낙산균 프로바이오틱스,45000,,0,,,27878,4.8,mid_price,high_review,False,False,True,True,2026-06-01,네이버쇼핑-건강식품-많이구매한BEST-주간-2026-06-01-12-03-53.xlsx
naver_shopping,건강식품,naver_buy_weekly,많이구매한BEST_주간,36,[6개입] 닥터린 송중기 철갑상어 콘드로이친 1200 맥스 저분자 뮤코다당단백,닥터린 송중기 철갑상어 콘드로이친 1200 맥스 저분자 뮤코다당단백,99000,,0,,,27727,4.8,high_price,high_review,False,False,True,True,2026-06-01,네이버쇼핑-건강식품-많이구매한BEST-주간-2026-06-01-12-03-53.xlsx
naver_shopping,건강식품,naver_buy_weekly,많이구매한BEST_주간,37,"로킷아메리카 NMN 프테로스틸벤 고순도 엔엠엔, 60캡슐, 3병",로킷아메리카 nmn 프테로스틸벤 고순도 엔엠엔,189570,,0,,,10373,4.9,high_price,mid_review,False,False,True,True,2026-06-01,네이버쇼핑-건강식품-많이구매한BEST-주간-2026-06-01-12-03-53.xlsx
naver_shopping,건강식품,naver_buy_weekly,많이구매한BEST_주간,38,"고려은단 식물성 퓨어 알티지 오메가3 기억력+ 60캡슐, 3개",고려은단 식물성 퓨어 알티지 오메가3 기억력,44900,,0,,,71385,4.9,mid_price,high_review,False,False,True,True,2026-06-01,네이버쇼핑-건강식품-많이구매한BEST-주간-2026-06-01-12-03-53.xlsx
naver_shopping,건강식품,naver_buy_weekly,많이구매한BEST_주간,39,주영엔에스 관절엔 콘드로이친 1200,주영엔에스 관절엔 콘드로이친 1200,283000,,0,,,99999,4.9,high_price,high_review,False,True,True,True,2026-06-01,네이버쇼핑-건강식품-많이구매한BEST-주간-2026-06-01-12-03-53.xlsx
naver_shopping,건강식품,naver_buy_weekly,많이구매한BEST_주간,40,"고려은단 멀티비타민 올인원 60정 (4종 택2), 2개",고려은단 멀티비타민 올인원 4종 택2,42900,,0,,,6597,4.9,mid_price,mid_review,False,False,True,True,2026-06-01,네이버쇼핑-건강식품-많이구매한BEST-주간-2026-06-01-12-03-53.xlsx
naver_shopping,건강식품,naver_buy_weekly,많이구매한BEST_주간,41,[식물성캡슐] GNM 코엔자임Q10 비타민 미네랄 10종 4박스 / 코큐텐,식물성캡슐 gnm 코엔자임q10 비타민 미네랄 10종 코큐텐,29800,,0,,,82818,4.8,mid_price,high_review,False,False,False,False,2026-06-01,네이버쇼핑-건강식품-많이구매한BEST-주간-2026-06-01-12-03-53.xlsx
naver_shopping,건강식품,naver_buy_weekly,많이구매한BEST_주간,42,센트룸 실버 포 우먼 종합 멀티 비타민 영양제 112정 비타민B12 대용량,센트룸 실버 포 우먼 종합 멀티 비타민 영양제 비타민b12,35690,,0,,,10957,4.8,mid_price,mid_review,False,False,True,True,2026-06-01,네이버쇼핑-건강식품-많이구매한BEST-주간-2026-06-01-12-03-53.xlsx
naver_shopping,건강식품,naver_buy_weekly,많이구매한BEST_주간,43,마켓오래 유케어 200ml x 24팩 (완전균형영양식),마켓오래 유케어 200ml x 완전균형영양식,49000,,0,,,615,4.8,high_price,low_review,False,False,True,True,2026-06-01,네이버쇼핑-건강식품-많이구매한BEST-주간-2026-06-01-12-03-53.xlsx
naver_shopping,건강식품,naver_buy_weekly,많이구매한BEST_주간,44,"고려은단 코엔자임Q10 90캡슐, 2개 (6개월분)",고려은단 코엔자임q10,33900,,0,,,15459,4.9,mid_price,mid_review,False,False,True,True,2026-06-01,네이버쇼핑-건강식품-많이구매한BEST-주간-2026-06-01-12-03-53.xlsx
naver_shopping,건강식품,naver_buy_weekly,많이구매한BEST_주간,45,"GNM 올인원 뉴트리션 멀티비타민 30개입, 1개 / 종합비타민",gnm 올인원 뉴트리션 멀티비타민 종합비타민,36900,,0,,,42115,4.9,mid_price,high_review,False,False,False,False,2026-06-01,네이버쇼핑-건강식품-많이구매한BEST-주간-2026-06-01-12-03-53.xlsx
naver_shopping,건강식품,naver_buy_weekly,많이구매한BEST_주간,46,서울대 위바이옴 두뇌엔 닥터PS 맥스 순도80% 포스파티딜세린 분말,서울대 위바이옴 두뇌엔 닥터ps 맥스 순도80 포스파티딜세린 분말,199000,,0,,,7687,4.9,high_price,mid_review,False,False,True,True,2026-06-01,네이버쇼핑-건강식품-많이구매한BEST-주간-2026-06-01-12-03-53.xlsx
naver_shopping,건강식품,naver_buy_weekly,많이구매한BEST_주간,47,[5개월] 뉴트리코어 WCS 포스파티딜세린 PS 순도 85% 피에스,5개월 뉴트리코어 wcs 포스파티딜세린 ps 순도 85 피에스,236000,,0,,,20205,4.8,high_price,mid_review,False,False,True,True,2026-06-01,네이버쇼핑-건강식품-많이구매한BEST-주간-2026-06-01-12-03-53.xlsx
naver_shopping,건강식품,naver_buy_weekly,많이구매한BEST_주간,48,고려은단 메가도스 비타민C 3000 고함량 비타민씨 영국산비타민c 가루 2개월,고려은단 메가도스 비타민c 3000 고함량 비타민씨 영국산비타민c 가루 2개월,19430,,0,,,3124,4.9,low_price,low_review,False,False,True,True,2026-06-01,네이버쇼핑-건강식품-많이구매한BEST-주간-2026-06-01-12-03-53.xlsx
naver_shopping,건강식품,naver_buy_weekly,많이구매한BEST_주간,49,[6개월분] 락티브 식물성 멜라토닌 2mg 함유 멜라드림,락티브 식물성 멜라토닌 2mg 함유 멜라드림,49000,,0,,,41629,4.7,high_price,high_review,False,False,True,True,2026-06-01,네이버쇼핑-건강식품-많이구매한BEST-주간-2026-06-01-12-03-53.xlsx
naver_shopping,건강식품,naver_buy_weekly,많이구매한BEST_주간,50,종근당 락토핏 생유산균 골드 150포 5개월분 20억 50포 x 3통,종근당 락토핏 생유산균 골드 20억 x,28900,,0,,,3371,4.9,mid_price,low_review,False,False,True,True,2026-06-01,네이버쇼핑-건강식품-많이구매한BEST-주간-2026-06-01-12-03-53.xlsx
naver_shopping,건강식품,naver_buy_weekly,많이구매한BEST_주간,51,[총 9개월분] GNM 칼슘 마그네슘 아연 비타민D 90정 x 3병 / 칼마디,총 gnm 칼슘 마그네슘 아연 비타민d x 칼마디,33900,,0,,,58056,4.9,mid_price,high_review,False,False,True,True,2026-06-01,네이버쇼핑-건강식품-많이구매한BEST-주간-2026-06-01-12-03-53.xlsx
naver_shopping,건강식품,naver_buy_weekly,많이구매한BEST_주간,52,드시모네 캡슐 플러스 (120캡슐) x 2박스 (총 240캡슐) (+슈퍼적립),드시모네 캡슐 플러스 x 총 슈퍼적립,196000,,0,,,8563,4.9,high_price,mid_review,False,False,True,True,2026-06-01,네이버쇼핑-건강식품-많이구매한BEST-주간-2026-06-01-12-03-53.xlsx
naver_shopping,건강식품,naver_buy_weekly,많이구매한BEST_주간,53,서울대 위바이옴 두뇌엔 닥터PS 70 포스파티딜세린 분말 세린에이드,서울대 위바이옴 두뇌엔 닥터ps 70 포스파티딜세린 분말 세린에이드,118000,,0,,,19015,4.8,high_price,mid_review,False,False,True,True,2026-06-01,네이버쇼핑-건강식품-많이구매한BEST-주간-2026-06-01-12-03-53.xlsx
naver_shopping,건강식품,naver_buy_weekly,많이구매한BEST_주간,54,킹 프리미엄 프로바이오틱스 모유 생 유산균 500mg x 60캡슐 2개월분,킹 프리미엄 프로바이오틱스 모유 생 유산균 500mg x,24800,,0,,,99999,4.8,mid_price,high_review,False,False,False,False,2026-06-01,네이버쇼핑-건강식품-많이구매한BEST-주간-2026-06-01-12-03-53.xlsx
naver_shopping,건강식품,naver_buy_weekly,많이구매한BEST_주간,55,유한양행 엘레나 질유산균 임산부 수유부 프로바이오틱스,유한양행 엘레나 질유산균 임산부 수유부 프로바이오틱스,70000,,0,,,99999,4.9,high_price,high_review,False,False,False,False,2026-06-01,네이버쇼핑-건강식품-많이구매한BEST-주간-2026-06-01-12-03-53.xlsx
naver_shopping,건강식품,naver_buy_weekly,많이구매한BEST_주간,56,그레인온 골드 카무트 효소,그레인온 골드 카무트 효소,72900,,0,,,94485,4.9,high_price,high_review,False,True,True,True,2026-06-01,네이버쇼핑-건강식품-많이구매한BEST-주간-2026-06-01-12-03-53.xlsx
naver_shopping,건강식품,naver_buy_weekly,많이구매한BEST_주간,57,배석철의 아미나 고용량 비타민B3 500mg 미국산 니코틴산아미드,배석철의 아미나 고용량 비타민b3 500mg 미국산 니코틴산아미드,45000,,0,,,922,4.8,mid_price,low_review,False,True,True,True,2026-06-01,네이버쇼핑-건강식품-많이구매한BEST-주간-2026-06-01-12-03-53.xlsx
naver_shopping,건강식품,naver_buy_weekly,많이구매한BEST_주간,58,(본사공식) 아이뮨랩 루마큐라 3개월,아이뮨랩 루마큐라 3개월,119100,,0,,,420,4.7,high_price,low_review,False,False,True,True,2026-06-01,네이버쇼핑-건강식품-많이구매한BEST-주간-2026-06-01-12-03-53.xlsx
naver_shopping,건강식품,naver_buy_weekly,많이구매한BEST_주간,59,비에날씬 BNR17 비엔날씬 유산균 BMR17 김희선 다이어트 유산균,비에날씬 bnr17 비엔날씬 유산균 bmr17 김희선 다이어트 유산균,45800,,0,,,2434,4.8,mid_price,low_review,False,False,True,True,2026-06-01,네이버쇼핑-건강식품-많이구매한BEST-주간-2026-06-01-12-03-53.xlsx
naver_shopping,건강식품,naver_buy_weekly,많이구매한BEST_주간,60,[8개월분] 락티브 활성형 엽산 800 non-GMO 임산부 수유부 오은영 성분배합,락티브 활성형 엽산 800 non gmo 임산부 수유부 오은영 성분배합,72000,,0,,,12476,4.9,high_price,mid_review,False,False,True,True,2026-06-01,네이버쇼핑-건강식품-많이구매한BEST-주간-2026-06-01-12-03-53.xlsx
naver_shopping,건강식품,naver_buy_weekly,많이구매한BEST_주간,61,더리얼 캐나다 알티지 rTG 오메가3 맥스 1400 초임계 2개월 EPA DHA,더리얼 캐나다 알티지 rtg 오메가3 맥스 1400 초임계 2개월 epa dha,35900,,0,,,99999,4.8,mid_price,high_review,False,False,True,True,2026-06-01,네이버쇼핑-건강식품-많이구매한BEST-주간-2026-06-01-12-03-53.xlsx
naver_shopping,건강식품,naver_buy_weekly,많이구매한BEST_주간,62,오쏘몰 이뮨 멀티비타민 30일분 동아제약 국내배송 고급 쇼핑백,오쏘몰 이뮨 멀티비타민 동아제약 고급 쇼핑백,77900,,0,,,696,4.9,high_price,low_review,False,False,True,True,2026-06-01,네이버쇼핑-건강식품-많이구매한BEST-주간-2026-06-01-12-03-53.xlsx
naver_shopping,건강식품,naver_buy_weekly,많이구매한BEST_주간,63,그레인온 골드카무트효소G,그레인온 골드카무트효소g,24900,,0,,,29081,4.8,mid_price,high_review,False,False,True,True,2026-06-01,네이버쇼핑-건강식품-많이구매한BEST-주간-2026-06-01-12-03-53.xlsx
naver_shopping,건강식품,naver_buy_weekly,많이구매한BEST_주간,64,"속편한 고려은단 비타민C 1000 중성비타민C 120정, 2개 (8개월분)",속편한 고려은단 비타민c 1000 중성비타민c,33900,,0,,,67529,4.9,mid_price,high_review,False,False,True,True,2026-06-01,네이버쇼핑-건강식품-많이구매한BEST-주간-2026-06-01-12-03-53.xlsx
naver_shopping,건강식품,naver_buy_weekly,많이구매한BEST_주간,65,종근당건강 아이클리어 루테인 지아잔틴 아스타잔틴,종근당건강 아이클리어 루테인 지아잔틴 아스타잔틴,75000,,0,,,7841,4.9,high_price,mid_review,False,False,True,True,2026-06-01,네이버쇼핑-건강식품-많이구매한BEST-주간-2026-06-01-12-03-53.xlsx
naver_shopping,건강식품,naver_buy_weekly,많이구매한BEST_주간,66,[네이버 단독]고려은단 메가도스 이뮨샷 30병 종합멀티비타민+아미노산+아르기닌,고려은단 메가도스 이뮨샷 종합멀티비타민 아미노산 아르기닌,54900,,0,,,30859,4.9,high_price,high_review,False,False,True,True,2026-06-01,네이버쇼핑-건강식품-많이구매한BEST-주간-2026-06-01-12-03-53.xlsx
naver_shopping,건강식품,naver_buy_weekly,많이구매한BEST_주간,67,유니시티 바이오스 라이프 이에너지 E 에너지 멀티비타민 9g,유니시티 바이오스 라이프 이에너지 e 에너지 멀티비타민 9g,90900,,0,,,11943,4.8,high_price,mid_review,False,False,False,False,2026-06-01,네이버쇼핑-건강식품-많이구매한BEST-주간-2026-06-01-12-03-53.xlsx
naver_shopping,건강식품,naver_buy_weekly,많이구매한BEST_주간,68,바이오크로스 남진 쏘팔코사놀 레드 4개월분 옥타코사놀 쏘팔메토 골드,바이오크로스 남진 쏘팔코사놀 레드 옥타코사놀 쏘팔메토 골드,120000,,0,,,13338,4.8,high_price,mid_review,False,False,True,True,2026-06-01,네이버쇼핑-건강식품-많이구매한BEST-주간-2026-06-01-12-03-53.xlsx
naver_shopping,건강식품,naver_buy_weekly,많이구매한BEST_주간,69,[손흥민 PICK] 하루틴 리포좀 비타민C,손흥민 pick 하루틴 리포좀 비타민c,62900,,0,,,38515,4.8,high_price,high_review,False,False,True,True,2026-06-01,네이버쇼핑-건강식품-많이구매한BEST-주간-2026-06-01-12-03-53.xlsx
naver_shopping,건강식품,naver_buy_weekly,많이구매한BEST_주간,70,뉴케어 구수한맛 클래식 1BOX + 영양간식,뉴케어 구수한맛 클래식 영양간식,44990,,0,,,24238,4.9,mid_price,mid_review,False,False,True,True,2026-06-01,네이버쇼핑-건강식품-많이구매한BEST-주간-2026-06-01-12-03-53.xlsx
naver_shopping,건강식품,naver_buy_weekly,많이구매한BEST_주간,71,락토핏 플러스 듀얼바이오틱스 생유산균 200포 코스트코 종근당 프로바이오틱스 장 대용량,락토핏 플러스 듀얼바이오틱스 생유산균 코스트코 종근당 프로바이오틱스 장,31200,,0,,,9550,4.8,mid_price,mid_review,False,False,True,True,2026-06-01,네이버쇼핑-건강식품-많이구매한BEST-주간-2026-06-01-12-03-53.xlsx
naver_shopping,건강식품,naver_buy_weekly,많이구매한BEST_주간,72,순담록 녹용 진액 30포 직장인 노인 청소년 아이 어린이 녹용 즙,순담록 녹용 진액 직장인 노인 청소년 아이 어린이 녹용 즙,139000,,0,,,3560,4.8,high_price,low_review,False,False,False,False,2026-06-01,네이버쇼핑-건강식품-많이구매한BEST-주간-2026-06-01-12-03-53.xlsx
naver_shopping,건강식품,naver_buy_weekly,많이구매한BEST_주간,73,압타민C 비타민C 1000mg 플러스,압타민c 비타민c 1000mg 플러스,50000,,0,,,16823,4.8,high_price,mid_review,False,False,True,True,2026-06-01,네이버쇼핑-건강식품-많이구매한BEST-주간-2026-06-01-12-03-53.xlsx
naver_shopping,건강식품,naver_buy_weekly,많이구매한BEST_주간,74,종근당 눈 루테인 지아잔틴 아스타잔틴 영양제 2개월분,종근당 눈 루테인 지아잔틴 아스타잔틴 영양제,28500,,0,,,1797,4.8,mid_price,low_review,False,False,False,False,2026-06-01,네이버쇼핑-건강식품-많이구매한BEST-주간-2026-06-01-12-03-53.xlsx
naver_shopping,건강식품,naver_buy_weekly,많이구매한BEST_주간,75,(최신제조) 독일PM쥬스 파워칵테일 리스토레이트 액티바이즈 피트라인 3종세트,최신제조 독일pm쥬스 파워칵테일 리스토레이트 액티바이즈 피트라인 3종세트,123400,,0,,,3995,4.9,high_price,low_review,False,False,True,True,2026-06-01,네이버쇼핑-건강식품-많이구매한BEST-주간-2026-06-01-12-03-53.xlsx
naver_shopping,건강식품,naver_buy_weekly,많이구매한BEST_주간,76,[네이버 단독 100일분] 닥터린 송중기 하이퍼셀 대마종자유 알파 햄프씨드오일 카나비노이드,닥터린 송중기 하이퍼셀 대마종자유 알파 햄프씨드오일 카나비노이드,56900,,0,,,3856,4.8,high_price,low_review,False,False,True,True,2026-06-01,네이버쇼핑-건강식품-많이구매한BEST-주간-2026-06-01-12-03-53.xlsx
naver_shopping,건강식품,naver_buy_weekly,많이구매한BEST_주간,77,"[휴온스N] 김정난 갱년기유산균YT1 메노락토 프로바이오틱스 3개월분, 90캡슐 1박스+프리미엄 징코 12일분",휴온스n 김정난 갱년기유산균yt1 메노락토 프로바이오틱스 프리미엄 징코,128000,,0,,,41442,4.8,high_price,high_review,False,False,True,True,2026-06-01,네이버쇼핑-건강식품-많이구매한BEST-주간-2026-06-01-12-03-53.xlsx
naver_shopping,건강식품,naver_buy_weekly,많이구매한BEST_주간,78,"GNM 루테인 지아잔틴 아스타잔틴 30캡슐, 3개",gnm 루테인 지아잔틴 아스타잔틴,36900,,0,,,47431,4.9,mid_price,high_review,False,False,True,True,2026-06-01,네이버쇼핑-건강식품-많이구매한BEST-주간-2026-06-01-12-03-53.xlsx
naver_shopping,건강식품,naver_buy_weekly,많이구매한BEST_주간,79,"고려은단 메가도스B 비타민B 컴플렉스 60정, 3개 (6개월분)",고려은단 메가도스b 비타민b 컴플렉스,47900,,0,,,34838,4.9,high_price,high_review,False,False,True,True,2026-06-01,네이버쇼핑-건강식품-많이구매한BEST-주간-2026-06-01-12-03-53.xlsx
naver_shopping,건강식품,naver_buy_weekly,많이구매한BEST_주간,80,[4개월분] 락티브 미오이노시톨 앤 콜린 엽산 비타민c 비타민d,락티브 미오이노시톨 앤 콜린 엽산 비타민c 비타민d,117000,,0,,,31488,4.9,high_price,high_review,False,False,False,False,2026-06-01,네이버쇼핑-건강식품-많이구매한BEST-주간-2026-06-01-12-03-53.xlsx
naver_shopping,건강식품,naver_buy_weekly,많이구매한BEST_주간,81,종근당건강 프로메가 오메가3 트리플,종근당건강 프로메가 오메가3 트리플,58900,,0,,,30644,4.9,high_price,high_review,False,False,True,True,2026-06-01,네이버쇼핑-건강식품-많이구매한BEST-주간-2026-06-01-12-03-53.xlsx
naver_shopping,건강식품,naver_buy_weekly,많이구매한BEST_주간,82,비토노 이왕재박사 메가 비타민C 2000mg 고함량 영국산 분말 비타민씨,비토노 이왕재박사 메가 비타민c 2000mg 고함량 영국산 분말 비타민씨,65900,,0,,,34075,4.9,high_price,high_review,False,False,True,True,2026-06-01,네이버쇼핑-건강식품-많이구매한BEST-주간-2026-06-01-12-03-53.xlsx
naver_shopping,건강식품,naver_buy_weekly,많이구매한BEST_주간,83,국내발송 자로우 펨 도피러스 업그레이드 60캡슐 여성 질유산균 팸 도필러스 재로우 임산부 변비,국내발송 자로우 펨 도피러스 업그레이드 여성 질유산균 팸 도필러스 재로우 임산부 변비,32900,,0,,,2656,4.9,mid_price,low_review,False,False,True,True,2026-06-01,네이버쇼핑-건강식품-많이구매한BEST-주간-2026-06-01-12-03-53.xlsx
naver_shopping,건강식품,naver_buy_weekly,많이구매한BEST_주간,84,[5개월] 뉴트리코어 관절연골엔 철갑상어 콘드로이친K 뮤코다당단백 저분자 WCS,5개월 뉴트리코어 관절연골엔 철갑상어 콘드로이친k 뮤코다당단백 저분자 wcs,276000,,0,,,26658,4.8,high_price,high_review,False,False,False,False,2026-06-01,네이버쇼핑-건강식품-많이구매한BEST-주간-2026-06-01-12-03-53.xlsx
naver_shopping,건강식품,naver_buy_weekly,많이구매한BEST_주간,85,활기담 풍천 장어즙 장어 잔액 엑기스 30포,활기담 풍천 장어즙 장어 잔액 엑기스,129000,,0,,,4876,4.9,high_price,low_review,False,False,False,False,2026-06-01,네이버쇼핑-건강식품-많이구매한BEST-주간-2026-06-01-12-03-53.xlsx
naver_shopping,건강식품,naver_buy_weekly,많이구매한BEST_주간,86,"고려은단 퓨어 밀크씨슬 180정, 1개 (6개월분)",고려은단 퓨어 밀크씨슬,24900,,0,,,42551,4.9,mid_price,high_review,False,False,False,False,2026-06-01,네이버쇼핑-건강식품-많이구매한BEST-주간-2026-06-01-12-03-53.xlsx
naver_shopping,건강식품,naver_buy_weekly,많이구매한BEST_주간,87,암웨이 더블엑스 리필 종합 비타민 무기질,암웨이 더블엑스 리필 종합 비타민 무기질,67500,,0,,,4308,4.9,high_price,low_review,False,False,True,True,2026-06-01,네이버쇼핑-건강식품-많이구매한BEST-주간-2026-06-01-12-03-53.xlsx
naver_shopping,건강식품,naver_buy_weekly,많이구매한BEST_주간,88,사계명원 청명진액 BEST 4박스 60스틱 칼슘마그네슘비타민D 녹용 특허성분 킬슘진액,사계명원 청명진액 best 칼슘마그네슘비타민d 녹용 특허성분 킬슘진액,106000,,0,,,523,4.7,high_price,low_review,False,False,True,True,2026-06-01,네이버쇼핑-건강식품-많이구매한BEST-주간-2026-06-01-12-03-53.xlsx
naver_shopping,건강식품,naver_buy_weekly,많이구매한BEST_주간,89,솔티스 간 프로텍션 쉬잔세틴 개별인정원료,솔티스 간 프로텍션 쉬잔세틴 개별인정원료,50700,,0,,,1145,4.7,high_price,low_review,False,False,True,True,2026-06-01,네이버쇼핑-건강식품-많이구매한BEST-주간-2026-06-01-12-03-53.xlsx
naver_shopping,건강식품,naver_buy_weekly,많이구매한BEST_주간,90,안국약품 토비콤 루테인 지아잔틴 아스타잔틴 루지아,안국약품 토비콤 루테인 지아잔틴 아스타잔틴 루지아,51000,,0,,,6328,4.8,high_price,mid_review,False,False,True,True,2026-06-01,네이버쇼핑-건강식품-많이구매한BEST-주간-2026-06-01-12-03-53.xlsx
naver_shopping,건강식품,naver_buy_weekly,많이구매한BEST_주간,91,2+1 똑키즈 오메가3 어린이 아기 오메가3+맛보기 젤리 1680mgx30개,2 1 똑키즈 오메가3 어린이 아기 오메가3 맛보기 젤리 1680mgx30개,80400,,0,,,12707,4.9,high_price,mid_review,False,False,False,False,2026-06-01,네이버쇼핑-건강식품-많이구매한BEST-주간-2026-06-01-12-03-53.xlsx
naver_shopping,건강식품,naver_buy_weekly,많이구매한BEST_주간,92,"닥터파이토 덴티백 구강유산균 BLIS M18 프로바이오틱스, 잇몸, 입속",닥터파이토 덴티백 구강유산균 blis m18 프로바이오틱스 잇몸 입속,123000,,0,,,8821,4.8,high_price,mid_review,False,False,False,False,2026-06-01,네이버쇼핑-건강식품-많이구매한BEST-주간-2026-06-01-12-03-53.xlsx
naver_shopping,건강식품,naver_buy_weekly,많이구매한BEST_주간,93,종근당 칼마디 칼슘 마그네슘 비타민d 아연 영양제 임산부 3개월분,종근당 칼마디 칼슘 마그네슘 비타민d 아연 영양제 임산부,15900,,0,,,4471,4.9,low_price,low_review,False,False,False,False,2026-06-01,네이버쇼핑-건강식품-많이구매한BEST-주간-2026-06-01-12-03-53.xlsx
naver_shopping,건강식품,naver_buy_weekly,많이구매한BEST_주간,94,[슈퍼적립] 솔티스 눈 프로텍션 프로S3 3박스 눈 건강,슈퍼적립 솔티스 눈 프로텍션 프로s3 눈 건강,38700,,0,,,8809,4.7,mid_price,mid_review,False,False,True,True,2026-06-01,네이버쇼핑-건강식품-많이구매한BEST-주간-2026-06-01-12-03-53.xlsx
naver_shopping,건강식품,naver_buy_weekly,많이구매한BEST_주간,95,"고려은단 메가도스C 비타민C 3000mg X 100포 (300g), 1개",고려은단 메가도스c 비타민c 3000mg x 300g,25900,,0,,,99999,4.9,mid_price,high_review,False,True,True,True,2026-06-01,네이버쇼핑-건강식품-많이구매한BEST-주간-2026-06-01-12-03-53.xlsx
naver_shopping,건강식품,naver_buy_weekly,많이구매한BEST_주간,96,[장사의신 장신몰] 올인원 영양제 칼슘 마그네슘 미네랄 멀티 비타민 23종 1450mg x 60정,장사의신 장신몰 올인원 영양제 칼슘 마그네슘 미네랄 멀티 비타민 23종 1450mg x,11900,,0,,,4462,4.9,low_price,low_review,False,False,True,True,2026-06-01,네이버쇼핑-건강식품-많이구매한BEST-주간-2026-06-01-12-03-53.xlsx
naver_shopping,건강식품,naver_buy_weekly,많이구매한BEST_주간,97,닥터린 관절엔 DEM 디이엠 플러스 1개월분 난막,닥터린 관절엔 dem 디이엠 플러스 난막,63000,,0,,,35,4.8,high_price,low_review,False,False,False,False,2026-06-01,네이버쇼핑-건강식품-많이구매한BEST-주간-2026-06-01-12-03-53.xlsx
naver_shopping,건강식품,naver_buy_weekly,많이구매한BEST_주간,98,뉴트리원 이병헌 콘드로이친 맥스 1200 소 연골 유래,뉴트리원 이병헌 콘드로이친 맥스 1200 소 연골 유래,99000,,0,,,31621,4.8,high_price,high_review,False,False,False,False,2026-06-01,네이버쇼핑-건강식품-많이구매한BEST-주간-2026-06-01-12-03-53.xlsx
naver_shopping,건강식품,naver_buy_weekly,많이구매한BEST_주간,99,위드바인 비타민C 3000mg,위드바인 비타민c 3000mg,46900,,0,,,7539,4.9,high_price,mid_review,False,False,False,False,2026-06-01,네이버쇼핑-건강식품-많이구매한BEST-주간-2026-06-01-12-03-53.xlsx
naver_shopping,건강식품,naver_buy_weekly,많이구매한BEST_주간,100,[3개월] 닥터린 관절엔 DEM 디이엠 플러스 난막,3개월 닥터린 관절엔 dem 디이엠 플러스 난막,177000,,0,,,48,4.7,high_price,low_review,False,False,False,False,2026-06-01,네이버쇼핑-건강식품-많이구매한BEST-주간-2026-06-01-12-03-53.xlsx
