category,keyword
복지,benefit
복지,간식
복지,건강검진
복지,경조비
복지,경조사비
복지,경조휴가
복지,과자
복지,교육비
복지,교육비지원
복지,교통비
복지,교통비지원
복지,구내식당
복지,근무장비
복지,기숙사
복지,다과
복지,대우
복지,동기부여
복지,동호회
복지,라운지
복지,리프레시
복지,리프레시휴가
복지,명절
복지,무료
복지,밥
복지,밥값
복지,베네핏
복지,보험
복지,보험료
복지,복리
복지,복리후생
복지,복지
복지,복지비
복지,복지정책
복지,복지제도
복지,복지포인트
복지,복지혜택
복지,사내복지
복지,사내카페
복지,생일
복지,선물
복지,셔틀
복지,수면실
복지,스낵바
복지,시설
복지,식당
복지,식대
복지,식비
복지,식비지원
복지,식사
복지,아침
복지,아침밥
복지,아침식사
복지,안마의자
복지,안식월
복지,야근식대
복지,여름휴가
복지,육아지원
복지,음료
복지,음료수
복지,의료비
복지,자기개발비
복지,자기계발비
복지,자판기
복지,저녁
복지,저녁밥
복지,저녁식대
복지,저녁식사
복지,적립금
복지,점심
복지,점심값
복지,점심밥
복지,점심식대
복지,점심식사
복지,주거비
복지,주차비
복지,주차지원
복지,중식지원
복지,중식
복지,석식
복지,직원복지
복지,차량지원
복지,처우
복지,출산휴가
복지,커피
복지,커피머신
복지,콘도
복지,탁구
복지,탕비실
복지,택시비
복지,택시비지원
복지,통신비
복지,패밀리데이
복지,포인트
복지,피트니스
복지,할인
복지,헬스
복지,헬스장
복지,혜택
복지,회식비
복지,후생
복지,휴게
복지,휴게공간
사내문화·동료,MZ
사내문화·동료,가스라이팅
사내문화·동료,간섭
사내문화·동료,갑질
사내문화·동료,경영진
사내문화·동료,고인물
사내문화·동료,공유
사내문화·동료,과장
사내문화·동료,관계
사내문화·동료,관리자
사내문화·동료,괴롭힘
사내문화·동료,교류
사내문화·동료,구성원
사내문화·동료,구조
사내문화·동료,군기
사내문화·동료,군대문화
사내문화·동료,군대식
사내문화·동료,권위적
사내문화·동료,기업문화
사내문화·동료,꼰대
사내문화·동료,꼰대문화
사내문화·동료,눈치문화
사내문화·동료,닉네임문화
사내문화·동료,다양성
사내문화·동료,단합
사내문화·동료,대리
사내문화·동료,대인관계
사내문화·동료,대표
사내문화·동료,대화
사내문화·동료,동료
사내문화·동료,딱딱한
사내문화·동료,라인타기
사내문화·동료,리더
사내문화·동료,리더십
사내문화·동료,마인드
사내문화·동료,매너
사내문화·동료,목소리
사내문화·동료,무시
사내문화·동료,문화
사내문화·동료,반말
사내문화·동료,배려
사내문화·동료,보수적
사내문화·동료,부서
사내문화·동료,부서이기주의
사내문화·동료,부장
사내문화·동료,분위기
사내문화·동료,빌런
사내문화·동료,사내
사내문화·동료,사내문화
사내문화·동료,사내분위기
사내문화·동료,사내정치
사내문화·동료,사장
사내문화·동료,상명하복
사내문화·동료,상사
사내문화·동료,상하관계
사내문화·동료,상호관계
사내문화·동료,세대갈등
사내문화·동료,세대교체
사내문화·동료,세력
사내문화·동료,소모품
사내문화·동료,소속감
사내문화·동료,소통
사내문화·동료,수직
사내문화·동료,수직관계
사내문화·동료,수직구조
사내문화·동료,수직적
사내문화·동료,수평
사내문화·동료,수평구조
사내문화·동료,수평문화
사내문화·동료,수평적
사내문화·동료,수평적문화
사내문화·동료,수평조직
사내문화·동료,술강요
사내문화·동료,아랫사람
사내문화·동료,아부
사내문화·동료,알력
사내문화·동료,압박
사내문화·동료,얘기
사내문화·동료,업무공유
사내문화·동료,업무분위기
사내문화·동료,영어이름
사내문화·동료,욕설
사내문화·동료,워크숍
사내문화·동료,위계
사내문화·동료,위계적
사내문화·동료,위계질서
사내문화·동료,윗분
사내문화·동료,윗사람
사내문화·동료,유대감
사내문화·동료,유대관계
사내문화·동료,의견
사내문화·동료,의사결정
사내문화·동료,의사소통
사내문화·동료,이기적
사내문화·동료,이사
사내문화·동료,인간관계
사내문화·동료,인격모독
사내문화·동료,인사팀
사내문화·동료,인성
사내문화·동료,임원
사내문화·동료,정보공유
사내문화·동료,정치
사내문화·동료,조직
사내문화·동료,조직구조
사내문화·동료,조직문화
사내문화·동료,조직체계
사내문화·동료,존중
사내문화·동료,종교
사내문화·동료,직급관계
사내문화·동료,직장내괴롭힘
사내문화·동료,직장문화
사내문화·동료,차별
사내문화·동료,차장
사내문화·동료,커뮤니케이션
사내문화·동료,텃세
사내문화·동료,팀워크
사내문화·동료,팀원
사내문화·동료,팀장
사내문화·동료,파벌
사내문화·동료,편애
사내문화·동료,폐쇄
사내문화·동료,포용
사내문화·동료,폭언
사내문화·동료,협력
사내문화·동료,협업
사내문화·동료,회사문화
사내문화·동료,회사분위기
사내문화·동료,회사생활
사내문화·동료,회식강요
사내문화·동료,회식문화
성장가능성·커리어,kpi
성장가능성·커리어,ojt
성장가능성·커리어,okr
성장가능성·커리어,경력
성장가능성·커리어,경력개발
성장가능성·커리어,경력직
성장가능성·커리어,경험
성장가능성·커리어,계발
성장가능성·커리어,고과
성장가능성·커리어,공부
성장가능성·커리어,교육
성장가능성·커리어,기술
성장가능성·커리어,기술력
성장가능성·커리어,기회
성장가능성·커리어,낙하산
성장가능성·커리어,능력
성장가능성·커리어,단순반복
성장가능성·커리어,도서
성장가능성·커리어,도전
성장가능성·커리어,레퍼런스
성장가능성·커리어,리소스
성장가능성·커리어,멘토링
성장가능성·커리어,목표
성장가능성·커리어,목표달성
성장가능성·커리어,물경력
성장가능성·커리어,미래
성장가능성·커리어,반복업무
성장가능성·커리어,발전
성장가능성·커리어,방향
성장가능성·커리어,배움
성장가능성·커리어,변화
성장가능성·커리어,비전
성장가능성·커리어,비효율
성장가능성·커리어,사내교육
성장가능성·커리어,사내스터디
성장가능성·커리어,사수
성장가능성·커리어,성과관리
성장가능성·커리어,성과지표
성장가능성·커리어,성과평가
성장가능성·커리어,성장
성장가능성·커리어,성장가능성
성장가능성·커리어,성장기회
성장가능성·커리어,세미나
성장가능성·커리어,스터디
성장가능성·커리어,승진
성장가능성·커리어,승진기준
성장가능성·커리어,승진제도
성장가능성·커리어,시도
성장가능성·커리어,신규사업
성장가능성·커리어,신규서비스
성장가능성·커리어,신입교육
성장가능성·커리어,신입사원
성장가능성·커리어,실력
성장가능성·커리어,업무평가
성장가능성·커리어,역량
성장가능성·커리어,역량강화
성장가능성·커리어,역량개발
성장가능성·커리어,연공서열
성장가능성·커리어,온보딩
성장가능성·커리어,우선순위
성장가능성·커리어,인사고과
성장가능성·커리어,인사제도
성장가능성·커리어,인사평가
성장가능성·커리어,인정
성장가능성·커리어,자기개발
성장가능성·커리어,자기계발
성장가능성·커리어,전략
성장가능성·커리어,전문
성장가능성·커리어,주니어
성장가능성·커리어,직급
성장가능성·커리어,직급구조
성장가능성·커리어,직급체계
성장가능성·커리어,직무교육
성장가능성·커리어,직무전환
성장가능성·커리어,진급
성장가능성·커리어,커리어
성장가능성·커리어,커리어개발
성장가능성·커리어,컨퍼런스
성장가능성·커리어,투자
성장가능성·커리어,평가체계
성장가능성·커리어,포트폴리오
성장가능성·커리어,프로젝트
성장가능성·커리어,피드백
성장가능성·커리어,현업
성장가능성·커리어,확장
안정성·고용보장,m&a
안정성·고용보장,감축
안정성·고용보장,개편
안정성·고용보장,경영난
안정성·고용보장,경영위기
안정성·고용보장,계약직
안정성·고용보장,고용
안정성·고용보장,고용불안
안정성·고용보장,고용유지
안정성·고용보장,구조조정
안정성·고용보장,권고사직
안정성·고용보장,근로계약서
안정성·고용보장,근로기준법
안정성·고용보장,내실
안정성·고용보장,도태
안정성·고용보장,매각
안정성·고용보장,매출
안정성·고용보장,무기계약직
안정성·고용보장,부도
안정성·고용보장,불안
안정성·고용보장,사업철수
안정성·고용보장,사직
안정성·고용보장,상장
안정성·고용보장,수습기간
안정성·고용보장,시장
안정성·고용보장,신입
안정성·고용보장,안정
안정성·고용보장,안정감
안정성·고용보장,이익
안정성·고용보장,이직
안정성·고용보장,이직률
안정성·고용보장,인력
안정성·고용보장,인력부족
안정성·고용보장,인수합병
안정성·고용보장,인원
안정성·고용보장,인재
안정성·고용보장,인턴
안정성·고용보장,자금
안정성·고용보장,장기
안정성·고용보장,잦은퇴사
안정성·고용보장,재무
안정성·고용보장,재무상태
안정성·고용보장,재정
안정성·고용보장,적자
안정성·고용보장,적체
안정성·고용보장,정규직
안정성·고용보장,정규직전환
안정성·고용보장,정리해고
안정성·고용보장,정직원
안정성·고용보장,조직개편
안정성·고용보장,존폐
안정성·고용보장,채용
안정성·고용보장,충원
안정성·고용보장,퇴사
안정성·고용보장,퇴직
안정성·고용보장,투자유치
안정성·고용보장,파견
안정성·고용보장,파견직
안정성·고용보장,평생직장
안정성·고용보장,폐업
안정성·고용보장,흑자
안정성·고용보장,희망퇴직
연봉,교통비수당
연봉,급료
연봉,급여
연봉,급여명세서
연봉,급여수준
연봉,급여인상
연봉,급여체계
연봉,급여테이블
연봉,기본급
연봉,기본급여
연봉,기준급
연봉,돈
연봉,보너스
연봉,보상
연봉,보상체계
연봉,보수
연봉,봉급
연봉,비포괄임금
연봉,비포괄임금제
연봉,상여
연봉,상여금
연봉,성과금
연봉,성과급
연봉,성과급여
연봉,성과보상
연봉,세전
연봉,세후
연봉,수당
연봉,스톡옵션
연봉,식대수당
연봉,실수령
연봉,야간수당
연봉,야근비
연봉,야근수당
연봉,연말정산
연봉,연봉
연봉,연봉상승률
연봉,연봉수준
연봉,연봉인상
연봉,연봉인상률
연봉,연봉체계
연봉,연봉테이블
연봉,연봉협상
연봉,연장수당
연봉,연차수당
연봉,월급
연봉,월급날
연봉,유연임금제
연봉,인건비
연봉,인센
연봉,인센티브
연봉,임금
연봉,입사보너스
연봉,잔업수당
연봉,주말수당
연봉,주휴수당
연봉,쥐꼬리
연봉,직책수당
연봉,초과근무수당
연봉,초과수당
연봉,초봉
연봉,최저임금
연봉,출장비
연봉,퇴직금
연봉,페이
연봉,포괄연봉제
연봉,포괄임금
연봉,포괄임금제
연봉,호봉
연봉,호봉제
워라밸·근무환경,주차공간
워라밸·근무환경,강제출근
워라밸·근무환경,개인공간
워라밸·근무환경,거리
워라밸·근무환경,건물
워라밸·근무환경,공유오피스
워라밸·근무환경,공휴일
워라밸·근무환경,공휴일근무
워라밸·근무환경,근무
워라밸·근무환경,근무시간
워라밸·근무환경,근무여건
워라밸·근무환경,근무제도
워라밸·근무환경,근무조건
워라밸·근무환경,근무환경
워라밸·근무환경,냉난방
워라밸·근무환경,눈치
워라밸·근무환경,당직
워라밸·근무환경,대체휴가
워라밸·근무환경,라이프
워라밸·근무환경,모니터
워라밸·근무환경,반차
워라밸·근무환경,밤샘
워라밸·근무환경,밤샘근무
워라밸·근무환경,번아웃
워라밸·근무환경,복장
워라밸·근무환경,복장규정
워라밸·근무환경,사무실
워라밸·근무환경,사무환경
워라밸·근무환경,사옥
워라밸·근무환경,선택근무제
워라밸·근무환경,선택적근무
워라밸·근무환경,소음
워라밸·근무환경,스케줄
워라밸·근무환경,스트레스
워라밸·근무환경,시간근무
워라밸·근무환경,시차
워라밸·근무환경,시차출퇴근
워라밸·근무환경,심야근무
워라밸·근무환경,야간근무
워라밸·근무환경,야근
워라밸·근무환경,야근강요
워라밸·근무환경,야근문화
워라밸·근무환경,업무강도
워라밸·근무환경,업무량
워라밸·근무환경,업무환경
워라밸·근무환경,에어컨
워라밸·근무환경,엘리베이터
워라밸·근무환경,연가
워라밸·근무환경,연장근무
워라밸·근무환경,연차
워라밸·근무환경,연차눈치
워라밸·근무환경,연차사용
워라밸·근무환경,연차소진
워라밸·근무환경,예배
워라밸·근무환경,오버타임
워라밸·근무환경,워라밸
워라밸·근무환경,원격근무
워라밸·근무환경,유연근무
워라밸·근무환경,유연근무제
워라밸·근무환경,육아
워라밸·근무환경,육아휴직
워라밸·근무환경,자유
워라밸·근무환경,자유출퇴근
워라밸·근무환경,자율
워라밸·근무환경,자율복장
워라밸·근무환경,자율출퇴근
워라밸·근무환경,잔업
워라밸·근무환경,장비
워라밸·근무환경,재택
워라밸·근무환경,재택근무
워라밸·근무환경,점심시간
워라밸·근무환경,정시
워라밸·근무환경,정시퇴근
워라밸·근무환경,좌석배치
워라밸·근무환경,주40시간
워라밸·근무환경,주52시간
워라밸·근무환경,주6일
워라밸·근무환경,주말
워라밸·근무환경,주말근무
워라밸·근무환경,주차
워라밸·근무환경,주차장
워라밸·근무환경,지하철
워라밸·근무환경,철야
워라밸·근무환경,청결
워라밸·근무환경,초과근무
워라밸·근무환경,추가근무
워라밸·근무환경,출근
워라밸·근무환경,출근시간
워라밸·근무환경,출퇴근
워라밸·근무환경,출퇴근시간
워라밸·근무환경,칸막이
워라밸·근무환경,칼퇴
워라밸·근무환경,칼퇴근
워라밸·근무환경,크런치
워라밸·근무환경,탄력
워라밸·근무환경,탄력근무
워라밸·근무환경,탄력근무제
워라밸·근무환경,통근시간
워라밸·근무환경,퇴근
워라밸·근무환경,퇴근시간
워라밸·근무환경,화장실
워라밸·근무환경,환경
워라밸·근무환경,회식
워라밸·근무환경,휴가
워라밸·근무환경,휴게실
워라밸·근무환경,휴무
워라밸·근무환경,휴직
직무적합성,r&r
직무적합성,결재
직무적합성,결재라인
직무적합성,겸직
직무적합성,루팡
직무적합성,멀티플레이어
직무적합성,방식
직무적합성,보고체계
직무적합성,시스템
직무적합성,실무
직무적합성,실무자
직무적합성,실무진
직무적합성,업무
직무적합성,업무공백
직무적합성,업무분장
직무적합성,업무지원
직무적합성,업무체계
직무적합성,업무프로세스
직무적합성,업무효율
직무적합성,역할
직무적합성,월급루팡
직무적합성,의사결정구조
직무적합성,인사발령
직무적합성,인사이동
직무적합성,인수인계
직무적합성,일정관리
직무적합성,자기분야
직무적합성,잡무
직무적합성,잡일
직무적합성,적성
직무적합성,전문성
직무적합성,전문적
직무적합성,주먹구구
직무적합성,주먹구구식
직무적합성,직무
직무적합성,책임
직무적합성,프로세스
직무적합성,프로젝트관리
직무적합성,회의
직무적합성,회의문화
