date,campaign_id,channel,country,creative_type,spend,impressions,clicks,installs,tutorial_completion_rate,d1_retention,d7_retention,arpu_d1,arpu_d7,d1_revenue,d7_revenue,d7_roas,ctr,cvr,cpi,model,actual_d7_roas,predicted_d7_roas,prediction_error,absolute_error
2026-01-28,C016,Google Ads,IN,static,952.8,179031,2477,338,0.4000189002574602,0.261122856844083,0.09552995590974882,0.024132015559205747,0.2721738153193426,8.156621259011542,91.9947495779378,0.09655185231613395,0.013835592718579464,0.1364553895841744,2.818934911242603,Linear Regression,0.09655185231613395,0.03851765400679824,0.058034198309335705,0.058034198309335705
2026-02-01,C016,Google Ads,IN,static,1092.33,210255,2437,349,0.4105899523206919,0.27857540668344916,0.11687373042223294,0.023711401248323667,0.2871122323432592,8.27527903566496,100.20216908779747,0.09173272281527604,0.01159068749851371,0.14320886335658597,3.1298853868194842,Linear Regression,0.09173272281527604,0.0346470018185467,0.057085720996729344,0.057085720996729344
2026-01-19,C033,AppLovin,IN,playable,807.28,102200,1827,295,0.6650921167041877,0.334133399181034,0.14307221765338982,0.038891477639397744,0.33006002061926243,11.472985903622334,97.36770608268242,0.1206122258969602,0.017876712328767124,0.16146688560481665,2.736542372881356,Linear Regression,0.1206122258969602,0.06501305625102291,0.055599169645937294,0.055599169645937294
2026-02-16,C033,AppLovin,IN,playable,660.66,67164,1551,228,0.5591892502409488,0.36486793562090103,0.09952789700814632,0.04179801017431905,0.027829589705875762,9.529946319744743,6.345146452939674,0.009604306806717908,0.023092728247275325,0.1470019342359768,2.8976315789473683,Linear Regression,0.009604306806717908,0.0586587909479141,-0.04905448414119619,0.04905448414119619
2026-02-10,C002,Meta,BR,playable,1010.69,88782,1857,334,0.5355077398833245,0.32891147832566797,0.13823232993119708,0.07146564293227381,0.0549791574126621,23.869524739379454,18.36303857582914,0.01816875151204261,0.02091640197337298,0.17985998922994076,3.0260179640718565,Linear Regression,0.01816875151204261,0.06717779836975694,-0.04900904685771433,0.04900904685771433
2026-01-01,C038,AppLovin,IN,video,674.9,86114,1659,240,0.5302535155438439,0.2851580810640467,0.1610166530804627,0.04421228698163285,0.02,10.610948875591884,4.8,0.007112165290467097,0.01926516013656316,0.14466546112115733,2.8120833333333333,Linear Regression,0.007112165290467097,0.05351945460062905,-0.04640728931016195,0.04640728931016195
2026-02-03,C015,Google Ads,IN,video,1021.66,181613,2573,404,0.5392893639372139,0.30147865156990905,0.13132457657792085,0.027578669447795075,0.02,11.14178245690921,8.08,0.007908736250709779,0.014167488010219532,0.15701515740380878,2.528861386138614,Linear Regression,0.007908736250709779,0.052023748837622424,-0.044115012586912646,0.044115012586912646
2026-01-04,C022,TikTok,BR,video,844.02,45549,1327,211,0.4683758310558915,0.3259237480514802,0.13608395973002968,0.07092101259302648,0.31661408780884626,14.964333657128588,66.80557252766656,0.07915206799504801,0.029133460668730377,0.15900527505651846,4.000094786729858,Linear Regression,0.07915206799504801,0.03609744938252073,0.04305461861252728,0.04305461861252728
2026-01-02,C027,Unity Ads,IN,playable,804.34,102346,2090,284,0.5548153589842384,0.41828920821477666,0.1262903132155709,0.039089418267081344,0.06251906923093126,11.101394787851103,17.755415661584475,0.0220746172805832,0.020420925097219236,0.13588516746411483,2.8321830985915493,Linear Regression,0.0220746172805832,0.06484368265812909,-0.04276906537754589,0.04276906537754589
2026-02-26,C007,Meta,IN,playable,463.69,49068,1179,224,0.4721252783103861,0.3445367181957865,0.12925740734821417,0.03609228624668403,0.1881600573041307,8.084672119257222,42.14785283612528,0.0908967292791342,0.024027879677182687,0.18999151823579305,2.070044642857143,Linear Regression,0.0908967292791342,0.05241102161896598,0.03848570766016822,0.03848570766016822
2026-02-25,C033,AppLovin,IN,playable,616.96,64875,1252,200,0.527722311922418,0.370173640261942,0.12983087423664977,0.026995641155926196,0.2863007688238482,5.399128231185239,57.26015376476964,0.09280974202929711,0.01929865125240848,0.1597444089456869,3.0848,Linear Regression,0.09280974202929711,0.05445606250650911,0.038353679522787995,0.038353679522787995
2026-02-26,C022,TikTok,BR,video,684.72,38510,1035,158,0.45492269357195825,0.3380095445646114,0.12588173145559656,0.005,0.28671083291960414,0.79,45.30031160129745,0.06615851757865787,0.026876136068553623,0.15265700483091788,4.333670886075949,Linear Regression,0.06615851757865787,0.02806225363421814,0.03809626394443973,0.03809626394443973
2026-02-22,C016,Google Ads,IN,static,1189.96,189467,2453,321,0.3679556384845583,0.21264293911697757,0.10354550064751002,0.005,0.22559525724639679,1.605,72.41607757609337,0.060855953950592394,0.012946845624831765,0.1308601712189156,3.7070404984423675,Linear Regression,0.060855953950592394,0.023199925892149396,0.037656028058442995,0.037656028058442995
2026-02-24,C027,Unity Ads,IN,playable,688.56,85626,1366,188,0.6572077314703146,0.39194543368124374,0.12787854771254714,0.03870122257377763,0.08032125623394835,7.275829843870194,15.100396171982291,0.02193045400875108,0.01595309835797538,0.1376281112737921,3.662553191489361,Linear Regression,0.02193045400875108,0.058988555620819144,-0.03705810161206806,0.03705810161206806
2026-01-15,C029,Unity Ads,BR,video,735.29,74890,1157,168,0.666761152020861,0.3440142885094042,0.12009206872550893,0.06304415256747233,0.11362067150312918,10.59141763133535,19.0882728125257,0.025960203221671897,0.015449325677660568,0.14520311149524634,4.37672619047619,Linear Regression,0.025960203221671897,0.061535205732882674,-0.035575002511210777,0.035575002511210777
2026-02-11,C010,Google Ads,BR,playable,885.69,84694,1423,230,0.6124169497665412,0.3736734300775723,0.199691766533744,0.06751511162637991,0.37434647720428305,15.52847567406738,86.0996897569851,0.09721235251159009,0.016801662455427774,0.16163035839775122,3.850826086956522,Linear Regression,0.09721235251159009,0.06168177694375895,0.035530575567831145,0.035530575567831145
2026-02-06,C027,Unity Ads,IN,playable,887.68,101438,2056,281,0.5821620944195345,0.2883434982072577,0.1430535426920983,0.06227016402164287,0.08690473304242186,17.497916090081645,24.420229984920542,0.027510188742423183,0.020268538417555552,0.13667315175097275,3.159003558718861,Linear Regression,0.027510188742423183,0.062485626731425783,-0.0349754379890026,0.0349754379890026
2026-02-17,C024,TikTok,IN,static,674.67,73633,1689,257,0.4125585726033067,0.2778023115950683,0.11038576261926894,0.013296270196690115,0.1631907650627203,3.4171414405493596,41.94002662111912,0.062163812595629524,0.022938084826096994,0.1521610420367081,2.6251750972762644,Linear Regression,0.062163812595629524,0.028741536318992754,0.03342227627663677,0.03342227627663677
2026-02-15,C033,AppLovin,IN,playable,866.57,90772,1869,295,0.6255947976715651,0.34414979985239447,0.11698810321197436,0.030512627053735322,0.08166344199852474,9.00122498085192,24.0907153895648,0.027799965476329864,0.020590049795090996,0.15783841626538256,2.9375254237288138,Linear Regression,0.027799965476329864,0.060916765313704345,-0.03311679983737448,0.03311679983737448
2026-02-05,C010,Google Ads,BR,playable,819.05,64427,1316,210,0.5925596535608281,0.37624237348942047,0.1381512677498453,0.07032412692728601,0.3615671157049388,14.768066654730063,75.92909429803716,0.09270335959712904,0.020426218821301627,0.1595744680851064,3.900238095238095,Linear Regression,0.09270335959712904,0.06018245290528595,0.03252090669184309,0.03252090669184309
