platform,product_key,representative_product_name,category,brand_or_seller,appear_count,ranking_type_count,ranking_types_present,ranking_labels_present,is_in_multiple_ranking_types,best_rank,avg_rank,price_representative,price_median_across_appearances,review_count_representative,review_count_max,rating_representative,rating_median_across_appearances,rank_coupang_rank,rank_coupang_sales,rank_naver_buy_daily,rank_naver_buy_weekly,source_files
coupang,종근당 칼슘 앤 마그네슘 비타민d 아연,"종근당 정품 칼슘 앤 마그네슘 비타민D 아연, 180정, 1개",헬스/건강식품,,2,2,"coupang_rank, coupang_sales","쿠팡랭킹순, 판매량순",1,1,1.0,13730,13730.0,181067,181067,5.0,5.0,1,1,,,2026-06-01-12-19-33-쿠팡-헬스-건강식품-쿠팡랭킹순.xlsx | 2026-06-01-12-23-19-쿠팡-헬스-건강식품-판매량순.xlsx
coupang,아임비타 종근당건강 멀티비타민 이뮨샷 7 164 36g,"아임비타 종근당건강 멀티비타민 이뮨샷 7 164.36g, 7회분, 1개",헬스/건강식품,,2,2,"coupang_rank, coupang_sales","쿠팡랭킹순, 판매량순",1,2,17.0,13450,13450.0,8718,8718,5.0,5.0,2,32,,,2026-06-01-12-19-33-쿠팡-헬스-건강식품-쿠팡랭킹순.xlsx | 2026-06-01-12-23-19-쿠팡-헬스-건강식품-판매량순.xlsx
coupang,고려은단 비타민c 1000 쇼핑백,"고려은단 비타민C 1000 + 쇼핑백, 180정, 1개",헬스/건강식품,,1,1,coupang_rank,쿠팡랭킹순,0,3,3.0,17150,17150,280748,280748,5.0,5.0,3,,,,2026-06-01-12-19-33-쿠팡-헬스-건강식품-쿠팡랭킹순.xlsx
coupang,락토핏 골드 160g,"락토핏 정품 골드 80포, 160g, 1개",헬스/건강식품,,1,1,coupang_rank,쿠팡랭킹순,0,4,4.0,18500,18500,255121,255121,5.0,5.0,4,,,,2026-06-01-12-19-33-쿠팡-헬스-건강식품-쿠팡랭킹순.xlsx
coupang,그린몬스터 맥스 칼슘 마그네슘 비타민d 아연,"그린몬스터 맥스 칼슘 마그네슘 비타민D 아연 3개월분, 90정, 1개",헬스/건강식품,,1,1,coupang_rank,쿠팡랭킹순,0,5,5.0,6500,6500,3757,3757,5.0,5.0,5,,,,2026-06-01-12-19-33-쿠팡-헬스-건강식품-쿠팡랭킹순.xlsx
coupang,아이클리어 루테인지아잔틴,"아이클리어 루테인지아잔틴, 30정, 1개",헬스/건강식품,,2,2,"coupang_rank, coupang_sales","쿠팡랭킹순, 판매량순",1,6,11.0,8190,28035.0,176706,176706,5.0,5.0,6,16,,,2026-06-01-12-19-33-쿠팡-헬스-건강식품-쿠팡랭킹순.xlsx | 2026-06-01-12-23-19-쿠팡-헬스-건강식품-판매량순.xlsx
coupang,헬로바이오 맥스 비타민c 3000 30p 90g,"헬로바이오 맥스 비타민C 3000 30p, 90g, 1개",헬스/건강식품,,1,1,coupang_rank,쿠팡랭킹순,0,7,7.0,4500,4500,4269,4269,5.0,5.0,7,,,,2026-06-01-12-19-33-쿠팡-헬스-건강식품-쿠팡랭킹순.xlsx
coupang,종근당건강 헬씨칸 로얄 영양제,"종근당건강 헬씨칸 로얄 영양제, 30정, 1개",헬스/건강식품,,1,1,coupang_rank,쿠팡랭킹순,0,8,8.0,7000,7000,33921,33921,5.0,5.0,8,,,,2026-06-01-12-19-33-쿠팡-헬스-건강식품-쿠팡랭킹순.xlsx
coupang,메가도스 d 비타민d3 4000iu,"메가도스 D 비타민D3 4000IU, 90정, 1개",헬스/건강식품,,2,2,"coupang_rank, coupang_sales","쿠팡랭킹순, 판매량순",1,6,7.5,9900,9900.0,11813,11813,5.0,5.0,9,6,,,2026-06-01-12-19-33-쿠팡-헬스-건강식품-쿠팡랭킹순.xlsx | 2026-06-01-12-23-19-쿠팡-헬스-건강식품-판매량순.xlsx
coupang,그린몬스터 다이어트 스페셜 2 가르시니아 900,"그린몬스터 다이어트 스페셜 2 가르시니아 900, 112정, 1개",헬스/건강식품,,1,1,coupang_rank,쿠팡랭킹순,0,10,10.0,12700,12700,46685,46685,4.5,4.5,10,,,,2026-06-01-12-19-33-쿠팡-헬스-건강식품-쿠팡랭킹순.xlsx
coupang,뉴트리디데이 프리미엄 칼슘 마그네슘 아연 비타민d,"뉴트리디데이 프리미엄 칼슘 마그네슘 아연 비타민D, 90정, 1개",헬스/건강식품,,1,1,coupang_rank,쿠팡랭킹순,0,11,11.0,10900,10900,66991,66991,5.0,5.0,11,,,,2026-06-01-12-19-33-쿠팡-헬스-건강식품-쿠팡랭킹순.xlsx
coupang,헬로바이오 맥스 비타민c 3000 90p 270g,"헬로바이오 맥스 비타민C 3000 90p, 270g, 1개",헬스/건강식품,,1,1,coupang_rank,쿠팡랭킹순,0,12,12.0,10000,10000,4269,4269,5.0,5.0,12,,,,2026-06-01-12-19-33-쿠팡-헬스-건강식품-쿠팡랭킹순.xlsx
coupang,종근당건강 알티지 오메가3 듀얼,"종근당건강 알티지 오메가3 듀얼, 60정, 3개",헬스/건강식품,,2,2,"coupang_rank, coupang_sales","쿠팡랭킹순, 판매량순",1,4,8.5,27360,18575.0,122909,122909,5.0,5.0,13,4,,,2026-06-01-12-19-33-쿠팡-헬스-건강식품-쿠팡랭킹순.xlsx | 2026-06-01-12-23-19-쿠팡-헬스-건강식품-판매량순.xlsx
coupang,락토핏 키즈 유산균 120g,"락토핏 키즈 유산균, 60회분, 120g, 2개",헬스/건강식품,,2,2,"coupang_rank, coupang_sales","쿠팡랭킹순, 판매량순",1,14,14.0,24500,24500.0,68766,68766,5.0,5.0,14,14,,,2026-06-01-12-19-33-쿠팡-헬스-건강식품-쿠팡랭킹순.xlsx | 2026-06-01-12-23-19-쿠팡-헬스-건강식품-판매량순.xlsx
coupang,헬로바이오 혈압 항산화 케어 프리미엄 코큐텐 코엔자임q10 30g,"헬로바이오 혈압 항산화 케어 프리미엄 코큐텐 코엔자임Q10 30g, 60정, 1개",헬스/건강식품,,2,2,"coupang_rank, coupang_sales","쿠팡랭킹순, 판매량순",1,15,44.0,9400,9400.0,1182,1182,5.0,5.0,15,73,,,2026-06-01-12-19-33-쿠팡-헬스-건강식품-쿠팡랭킹순.xlsx | 2026-06-01-12-23-19-쿠팡-헬스-건강식품-판매량순.xlsx
coupang,잔티바 프리미엄 비타민c 1100,"잔티바 프리미엄 비타민C 1100, 20정, 1개",헬스/건강식품,,1,1,coupang_rank,쿠팡랭킹순,0,16,16.0,3500,3500,1742,1742,5.0,5.0,16,,,,2026-06-01-12-19-33-쿠팡-헬스-건강식품-쿠팡랭킹순.xlsx
coupang,락토핏 다이어트 유산균 60p 120g,"락토핏 다이어트 유산균 60p, 120g, 1개",헬스/건강식품,,2,2,"coupang_rank, coupang_sales","쿠팡랭킹순, 판매량순",1,2,9.5,15300,15300.0,13460,13460,5.0,5.0,17,2,,,2026-06-01-12-19-33-쿠팡-헬스-건강식품-쿠팡랭킹순.xlsx | 2026-06-01-12-23-19-쿠팡-헬스-건강식품-판매량순.xlsx
coupang,베베모린 뽀롱뽀롱 뽀로로 복숭아맛 비타민c,"베베모린 뽀롱뽀롱 뽀로로 복숭아맛 비타민C, 50정, 3개",헬스/건강식품,,2,2,"coupang_rank, coupang_sales","쿠팡랭킹순, 판매량순",1,18,22.5,6090,6090.0,14219,14219,5.0,5.0,18,27,,,2026-06-01-12-19-33-쿠팡-헬스-건강식품-쿠팡랭킹순.xlsx | 2026-06-01-12-23-19-쿠팡-헬스-건강식품-판매량순.xlsx
coupang,락토핏 생유산균 키즈 120g,"락토핏 생유산균 키즈, 60회분, 120g, 1개",헬스/건강식품,,1,1,coupang_rank,쿠팡랭킹순,0,19,19.0,12780,12780,68766,68766,5.0,5.0,19,,,,2026-06-01-12-19-33-쿠팡-헬스-건강식품-쿠팡랭킹순.xlsx
coupang,순수식품 rtg 오메가3 비타민d 1000mg,"순수식품 rTG 오메가3 비타민D 1000mg, 60정, 3개",헬스/건강식품,,2,2,"coupang_rank, coupang_sales","쿠팡랭킹순, 판매량순",1,20,25.5,23990,23990.0,9768,9768,4.5,4.5,20,31,,,2026-06-01-12-19-33-쿠팡-헬스-건강식품-쿠팡랭킹순.xlsx | 2026-06-01-12-23-19-쿠팡-헬스-건강식품-판매량순.xlsx
coupang,헬로바이오 프리미엄 철분제,"헬로바이오 프리미엄 철분제, 90정, 1개",헬스/건강식품,,2,2,"coupang_rank, coupang_sales","쿠팡랭킹순, 판매량순",1,21,30.5,8400,8400.0,1172,1172,5.0,5.0,21,40,,,2026-06-01-12-19-33-쿠팡-헬스-건강식품-쿠팡랭킹순.xlsx | 2026-06-01-12-23-19-쿠팡-헬스-건강식품-판매량순.xlsx
coupang,락토핏 생유산균 코어 120g,"락토핏 생유산균 코어, 120g, 1개",헬스/건강식품,,1,1,coupang_rank,쿠팡랭킹순,0,22,22.0,12200,12200,80335,80335,5.0,5.0,22,,,,2026-06-01-12-19-33-쿠팡-헬스-건강식품-쿠팡랭킹순.xlsx
coupang,동화약품 코엔자임 큐10 코큐텐 맥스 혈압 항산화 케어 관리 조절 30g,"동화약품 코엔자임 큐10 코큐텐 맥스 혈압 항산화 케어 관리 조절 30g, 60정, 1개",헬스/건강식품,,2,2,"coupang_rank, coupang_sales","쿠팡랭킹순, 판매량순",1,23,26.5,14450,14450.0,7456,7456,5.0,5.0,23,30,,,2026-06-01-12-19-33-쿠팡-헬스-건강식품-쿠팡랭킹순.xlsx | 2026-06-01-12-23-19-쿠팡-헬스-건강식품-판매량순.xlsx
coupang,얼라이브 원스데일리 포 우먼 멀티비타민,"얼라이브 원스데일리 포 우먼 멀티비타민, 30정, 1개",헬스/건강식품,,2,2,"coupang_rank, coupang_sales","쿠팡랭킹순, 판매량순",1,24,34.0,12900,12900.0,42561,42561,5.0,5.0,24,44,,,2026-06-01-12-19-33-쿠팡-헬스-건강식품-쿠팡랭킹순.xlsx | 2026-06-01-12-23-19-쿠팡-헬스-건강식품-판매량순.xlsx
coupang,닥터린 초임계 알티지 오메가3 알파,"닥터린 정품 초임계 알티지 오메가3 알파, 30정, 1개",헬스/건강식품,,2,2,"coupang_rank, coupang_sales","쿠팡랭킹순, 판매량순",1,25,43.5,9400,9400.0,39313,39313,5.0,5.0,25,62,,,2026-06-01-12-19-33-쿠팡-헬스-건강식품-쿠팡랭킹순.xlsx | 2026-06-01-12-23-19-쿠팡-헬스-건강식품-판매량순.xlsx
coupang,종근당 차전자피 식이섬유 204g,"종근당 차전자피 식이섬유 30개입, 204g, 1개",헬스/건강식품,,1,1,coupang_rank,쿠팡랭킹순,0,26,26.0,18900,18900,42658,42658,4.5,4.5,26,,,,2026-06-01-12-19-33-쿠팡-헬스-건강식품-쿠팡랭킹순.xlsx
coupang,오즈퓨어 호주 프로폴리스 스프레이 25ml,"오즈퓨어 호주 프로폴리스 스프레이, 2개, 25ml",헬스/건강식품,,1,1,coupang_rank,쿠팡랭킹순,0,27,27.0,15420,15420,489,489,5.0,5.0,27,,,,2026-06-01-12-19-33-쿠팡-헬스-건강식품-쿠팡랭킹순.xlsx
coupang,종근당 관절연골엔 뮤코다당단백 콘드로이친 1200 플러스,"종근당 정품 관절연골엔 뮤코다당단백 콘드로이친 1200 플러스, 60정, 2개",헬스/건강식품,,2,2,"coupang_rank, coupang_sales","쿠팡랭킹순, 판매량순",1,5,16.5,29910,29910.0,11288,11288,5.0,5.0,28,5,,,2026-06-01-12-19-33-쿠팡-헬스-건강식품-쿠팡랭킹순.xlsx | 2026-06-01-12-23-19-쿠팡-헬스-건강식품-판매량순.xlsx
coupang,종근당건강 락토핏 생유산균 맘스 120g,"종근당건강 락토핏 생유산균 맘스, 120g, 1개",헬스/건강식품,,1,1,coupang_rank,쿠팡랭킹순,0,29,29.0,20020,20020,8452,8452,5.0,5.0,29,,,,2026-06-01-12-19-33-쿠팡-헬스-건강식품-쿠팡랭킹순.xlsx
coupang,엔젯오리진 비타프레쉬 비타민 c 앤 d 3000 꾸미,"엔젯오리진 비타프레쉬 비타민 C 앤 D 3000 꾸미, 70정, 1개",헬스/건강식품,,2,2,"coupang_rank, coupang_sales","쿠팡랭킹순, 판매량순",1,30,58.0,10870,10870.0,23129,23129,5.0,5.0,30,86,,,2026-06-01-12-19-33-쿠팡-헬스-건강식품-쿠팡랭킹순.xlsx | 2026-06-01-12-23-19-쿠팡-헬스-건강식품-판매량순.xlsx
coupang,정관장 홍삼진고바이탈스틱 5p 쇼핑백 300g,"정관장 정품 홍삼진고바이탈스틱 5p + 쇼핑백, 300g, 1개",헬스/건강식품,,1,1,coupang_rank,쿠팡랭킹순,0,31,31.0,36000,36000,3721,3721,5.0,5.0,31,,,,2026-06-01-12-19-33-쿠팡-헬스-건강식품-쿠팡랭킹순.xlsx
coupang,뉴트리디데이 프리미엄 밀크씨슬 골드 45g,"뉴트리디데이 프리미엄 밀크씨슬 골드, 90정, 45g, 1개",헬스/건강식품,,2,2,"coupang_rank, coupang_sales","쿠팡랭킹순, 판매량순",1,11,21.5,12900,12900.0,40423,40423,5.0,5.0,32,11,,,2026-06-01-12-19-33-쿠팡-헬스-건강식품-쿠팡랭킹순.xlsx | 2026-06-01-12-23-19-쿠팡-헬스-건강식품-판매량순.xlsx
coupang,센트룸 멀티 구미 비타민,"센트룸 정품 멀티 구미 비타민, 80정, 1개",헬스/건강식품,,2,2,"coupang_rank, coupang_sales","쿠팡랭킹순, 판매량순",1,21,27.0,21230,21230.0,45697,45697,5.0,5.0,33,21,,,2026-06-01-12-19-33-쿠팡-헬스-건강식품-쿠팡랭킹순.xlsx | 2026-06-01-12-23-19-쿠팡-헬스-건강식품-판매량순.xlsx
coupang,뉴트리디데이 다이어트 키토산 올뉴,"뉴트리디데이 다이어트 키토산 올뉴, 90정, 1개",헬스/건강식품,,1,1,coupang_rank,쿠팡랭킹순,0,34,34.0,10900,10900,16540,16540,4.0,4.0,34,,,,2026-06-01-12-19-33-쿠팡-헬스-건강식품-쿠팡랭킹순.xlsx
coupang,담백하루 초임계 알티지 오메가에센스 1000,"담백하루 정품 초임계 알티지 오메가에센스 1000, 30정, 2개",헬스/건강식품,,1,1,coupang_rank,쿠팡랭킹순,0,35,35.0,31370,31370,12348,12348,5.0,5.0,35,,,,2026-06-01-12-19-33-쿠팡-헬스-건강식품-쿠팡랭킹순.xlsx
coupang,네이처드림 활력에 좋은 비타민b 컴플렉스,"네이처드림 활력에 좋은 비타민B 컴플렉스, 30정, 1개",헬스/건강식품,,1,1,coupang_rank,쿠팡랭킹순,0,36,36.0,4440,4440,378,378,4.5,4.5,36,,,,2026-06-01-12-19-33-쿠팡-헬스-건강식품-쿠팡랭킹순.xlsx
coupang,비타할로 비타민d 2000iu,"비타할로 비타민D 2000IU, 90정, 1개",헬스/건강식품,,1,1,coupang_rank,쿠팡랭킹순,0,37,37.0,4990,4990,9058,9058,5.0,5.0,37,,,,2026-06-01-12-19-33-쿠팡-헬스-건강식품-쿠팡랭킹순.xlsx
coupang,유한메디카 징코 플러스 엔 탑 혈행 기억력 케어,"유한메디카 징코 플러스 엔 탑 혈행 기억력 케어, 60정, 1개",헬스/건강식품,,2,2,"coupang_rank, coupang_sales","쿠팡랭킹순, 판매량순",1,38,65.0,10360,10360.0,3117,3117,4.5,4.5,38,92,,,2026-06-01-12-19-33-쿠팡-헬스-건강식품-쿠팡랭킹순.xlsx | 2026-06-01-12-23-19-쿠팡-헬스-건강식품-판매량순.xlsx
coupang,종근당건강 원데이21 멀티비타민 앤 미네랄,"종근당건강 원데이21 멀티비타민 앤 미네랄, 60정, 2개",헬스/건강식품,,1,1,coupang_rank,쿠팡랭킹순,0,39,39.0,19500,19500,58615,58615,5.0,5.0,39,,,,2026-06-01-12-19-33-쿠팡-헬스-건강식품-쿠팡랭킹순.xlsx
coupang,뉴트리가든 비타민d3 5000iu,"뉴트리가든 비타민D3 5000IU, 180정, 1개",헬스/건강식품,,2,2,"coupang_rank, coupang_sales","쿠팡랭킹순, 판매량순",1,3,21.5,12500,12500.0,40466,40466,5.0,5.0,40,3,,,2026-06-01-12-19-33-쿠팡-헬스-건강식품-쿠팡랭킹순.xlsx | 2026-06-01-12-23-19-쿠팡-헬스-건강식품-판매량순.xlsx
coupang,종근당건강 비타민d 2000iu,"종근당건강 정품 비타민D 2000IU, 90정, 1개",헬스/건강식품,,2,2,"coupang_rank, coupang_sales","쿠팡랭킹순, 판매량순",1,13,27.0,10720,20525.0,675,46735,5.0,5.0,41,13,,,2026-06-01-12-19-33-쿠팡-헬스-건강식품-쿠팡랭킹순.xlsx | 2026-06-01-12-23-19-쿠팡-헬스-건강식품-판매량순.xlsx
coupang,아텍스 맛있는 키즈비타민 350g,"아텍스 맛있는 키즈비타민 350g, 250정, 1개",헬스/건강식품,,1,1,coupang_rank,쿠팡랭킹순,0,42,42.0,12830,12830,3588,3588,5.0,5.0,42,,,,2026-06-01-12-19-33-쿠팡-헬스-건강식품-쿠팡랭킹순.xlsx
coupang,올바른건강식품 곡물효소 프로바이오틱스 블랙 270g,"올바른건강식품 곡물효소 프로바이오틱스 블랙, 270g, 1개",헬스/건강식품,,2,2,"coupang_rank, coupang_sales","쿠팡랭킹순, 판매량순",1,43,46.0,17900,17900.0,14137,14137,5.0,5.0,43,49,,,2026-06-01-12-19-33-쿠팡-헬스-건강식품-쿠팡랭킹순.xlsx | 2026-06-01-12-23-19-쿠팡-헬스-건강식품-판매량순.xlsx
coupang,락토핏 골드 유산균 선물세트 100g,"락토핏 골드 유산균 선물세트, 100g, 3개",헬스/건강식품,,2,2,"coupang_rank, coupang_sales","쿠팡랭킹순, 판매량순",1,18,31.0,30150,30150.0,21754,21754,5.0,5.0,44,18,,,2026-06-01-12-19-33-쿠팡-헬스-건강식품-쿠팡랭킹순.xlsx | 2026-06-01-12-23-19-쿠팡-헬스-건강식품-판매량순.xlsx
coupang,일양약품 프라임 칼슘 마그네슘 비타민d 아연,"일양약품 프라임 칼슘 마그네슘 비타민D 아연, 180정, 1개",헬스/건강식품,,1,1,coupang_rank,쿠팡랭킹순,0,45,45.0,10850,10850,4096,4096,4.5,4.5,45,,,,2026-06-01-12-19-33-쿠팡-헬스-건강식품-쿠팡랭킹순.xlsx
coupang,아임비타 멀티비타민 데일리,"아임비타 멀티비타민 데일리, 60정, 1개",헬스/건강식품,,1,1,coupang_rank,쿠팡랭킹순,0,46,46.0,9800,9800,11132,11132,5.0,5.0,46,,,,2026-06-01-12-19-33-쿠팡-헬스-건강식품-쿠팡랭킹순.xlsx
coupang,일양약품 프라임 종합비타민 미네랄 플러스,"일양약품 프라임 종합비타민 미네랄 플러스, 180정, 1개",헬스/건강식품,,1,1,coupang_rank,쿠팡랭킹순,0,47,47.0,12530,12530,21847,21847,4.5,4.5,47,,,,2026-06-01-12-19-33-쿠팡-헬스-건강식품-쿠팡랭킹순.xlsx
coupang,종근당건강 프로메가 알티지 오메가3 듀얼,"종근당건강 프로메가 알티지 오메가3 듀얼, 60정, 2개",헬스/건강식품,,2,2,"coupang_rank, coupang_sales","쿠팡랭킹순, 판매량순",1,39,43.5,18260,18260.0,122909,122909,5.0,5.0,48,39,,,2026-06-01-12-19-33-쿠팡-헬스-건강식품-쿠팡랭킹순.xlsx | 2026-06-01-12-23-19-쿠팡-헬스-건강식품-판매량순.xlsx
coupang,이너랩 차전자피 가르시니아 슬리밍 환 110g,"이너랩 차전자피 가르시니아 슬리밍 환, 110g, 1개",헬스/건강식품,,1,1,coupang_rank,쿠팡랭킹순,0,49,49.0,13280,13280,8997,8997,5.0,5.0,49,,,,2026-06-01-12-19-33-쿠팡-헬스-건강식품-쿠팡랭킹순.xlsx
coupang,솔가 엽산 800,"솔가 엽산 800, 100정, 1개",헬스/건강식품,,2,2,"coupang_rank, coupang_sales","쿠팡랭킹순, 판매량순",1,10,30.0,18100,18100.0,15486,15486,5.0,5.0,50,10,,,2026-06-01-12-19-33-쿠팡-헬스-건강식품-쿠팡랭킹순.xlsx | 2026-06-01-12-23-19-쿠팡-헬스-건강식품-판매량순.xlsx
coupang,베네틴 크레아틴 모노하이드레이트 분말 파우더 무맛 300g,"베네틴 크레아틴 모노하이드레이트 분말 파우더 무맛, 1개, 300g",헬스/건강식품,,1,1,coupang_rank,쿠팡랭킹순,0,51,51.0,12900,12900,65,65,5.0,5.0,51,,,,2026-06-01-12-19-33-쿠팡-헬스-건강식품-쿠팡랭킹순.xlsx
coupang,비타할로 온가족 생 유산균 300g,"비타할로 온가족 생 유산균, 300g, 1개",헬스/건강식품,,2,2,"coupang_rank, coupang_sales","쿠팡랭킹순, 판매량순",1,52,52.5,18990,18990.0,48922,48922,5.0,5.0,52,53,,,2026-06-01-12-19-33-쿠팡-헬스-건강식품-쿠팡랭킹순.xlsx | 2026-06-01-12-23-19-쿠팡-헬스-건강식품-판매량순.xlsx
coupang,락토핏 당케어 유산균 120g,"락토핏 당케어 유산균, 120g, 1개",헬스/건강식품,,2,2,"coupang_rank, coupang_sales","쿠팡랭킹순, 판매량순",1,35,44.0,13730,13730.0,20318,20318,5.0,5.0,53,35,,,2026-06-01-12-19-33-쿠팡-헬스-건강식품-쿠팡랭킹순.xlsx | 2026-06-01-12-23-19-쿠팡-헬스-건강식품-판매량순.xlsx
coupang,닥터블릿 이뮨 올인원 멀티비타민앤미네랄 프로,"닥터블릿 정품 이뮨 올인원 멀티비타민앤미네랄 프로, 30회분, 1개",헬스/건강식품,,1,1,coupang_rank,쿠팡랭킹순,0,54,54.0,47900,47900,3040,3040,5.0,5.0,54,,,,2026-06-01-12-19-33-쿠팡-헬스-건강식품-쿠팡랭킹순.xlsx
coupang,뉴트리디데이 프리미엄 비오틴 10000,"뉴트리디데이 프리미엄 비오틴 10000, 90정, 1개",헬스/건강식품,,2,2,"coupang_rank, coupang_sales","쿠팡랭킹순, 판매량순",1,55,66.5,12900,12900.0,8748,8748,5.0,5.0,55,78,,,2026-06-01-12-19-33-쿠팡-헬스-건강식품-쿠팡랭킹순.xlsx | 2026-06-01-12-23-19-쿠팡-헬스-건강식품-판매량순.xlsx
coupang,알유21 비타민 c 4 5g,"알유21 비타민 C 4.5g, 6정, 2개",헬스/건강식품,,1,1,coupang_rank,쿠팡랭킹순,0,56,56.0,6300,6300,13500,13500,5.0,5.0,56,,,,2026-06-01-12-19-33-쿠팡-헬스-건강식품-쿠팡랭킹순.xlsx
coupang,오쏘몰 이뮨 멀티비타민,"오쏘몰 이뮨 멀티비타민, 30회분, 1개",헬스/건강식품,,2,2,"coupang_rank, coupang_sales","쿠팡랭킹순, 판매량순",1,7,32.0,81700,81700.0,2854,2854,4.5,4.5,57,7,,,2026-06-01-12-19-33-쿠팡-헬스-건강식품-쿠팡랭킹순.xlsx | 2026-06-01-12-23-19-쿠팡-헬스-건강식품-판매량순.xlsx
coupang,바이탈프로그램 비타민c 1000mg,"바이탈프로그램 정품 비타민C 1000mg, 600정, 1개",헬스/건강식품,,2,2,"coupang_rank, coupang_sales","쿠팡랭킹순, 판매량순",1,58,75.5,28360,28360.0,68541,68541,5.0,5.0,58,93,,,2026-06-01-12-19-33-쿠팡-헬스-건강식품-쿠팡랭킹순.xlsx | 2026-06-01-12-23-19-쿠팡-헬스-건강식품-판매량순.xlsx
coupang,솔가 철분 25,"솔가 철분 25, 90정, 1개",헬스/건강식품,,1,1,coupang_rank,쿠팡랭킹순,0,59,59.0,23470,23470,23566,23566,5.0,5.0,59,,,,2026-06-01-12-19-33-쿠팡-헬스-건강식품-쿠팡랭킹순.xlsx
coupang,종근당건강 프로폴리스 플러스,"종근당건강 프로폴리스 플러스, 60정, 1개",헬스/건강식품,,1,1,coupang_rank,쿠팡랭킹순,0,60,60.0,7940,7940,8373,8373,4.5,4.5,60,,,,2026-06-01-12-19-33-쿠팡-헬스-건강식품-쿠팡랭킹순.xlsx
coupang,종근당건강 프리미엄 비타c 1000플러스,"종근당건강 프리미엄 비타C 1000플러스, 100정, 1개",헬스/건강식품,,2,2,"coupang_rank, coupang_sales","쿠팡랭킹순, 판매량순",1,25,43.0,10450,10450.0,25532,25532,5.0,5.0,61,25,,,2026-06-01-12-19-33-쿠팡-헬스-건강식품-쿠팡랭킹순.xlsx | 2026-06-01-12-23-19-쿠팡-헬스-건강식품-판매량순.xlsx
coupang,홀리데이즈 멀티비타민 앤 미네랄 포우먼,"홀리데이즈 멀티비타민 앤 미네랄 포우먼, 90정, 1개",헬스/건강식품,,1,1,coupang_rank,쿠팡랭킹순,0,62,62.0,12900,12900,3764,3764,5.0,5.0,62,,,,2026-06-01-12-19-33-쿠팡-헬스-건강식품-쿠팡랭킹순.xlsx
coupang,정원삼 6년근 고려홍삼정 선물세트 쇼핑백 300g,"정원삼 6년근 고려홍삼정 365 스틱 선물세트 + 쇼핑백, 300g, 1개",헬스/건강식품,,1,1,coupang_rank,쿠팡랭킹순,0,63,63.0,27800,27800,76054,76054,5.0,5.0,63,,,,2026-06-01-12-19-33-쿠팡-헬스-건강식품-쿠팡랭킹순.xlsx
coupang,센트룸 우먼 더블업,"센트룸 우먼 더블업, 60정, 1개",헬스/건강식품,,2,2,"coupang_rank, coupang_sales","쿠팡랭킹순, 판매량순",1,8,36.0,26800,26800.0,1617,1617,5.0,5.0,64,8,,,2026-06-01-12-19-33-쿠팡-헬스-건강식품-쿠팡랭킹순.xlsx | 2026-06-01-12-23-19-쿠팡-헬스-건강식품-판매량순.xlsx
coupang,태양생활건강 뽀롱뽀롱 뽀로로 비타민c,"태양생활건강 뽀롱뽀롱 뽀로로 비타민C, 50정, 3개",헬스/건강식품,,2,2,"coupang_rank, coupang_sales","쿠팡랭킹순, 판매량순",1,65,72.0,6090,6090.0,200,200,5.0,5.0,65,79,,,2026-06-01-12-19-33-쿠팡-헬스-건강식품-쿠팡랭킹순.xlsx | 2026-06-01-12-23-19-쿠팡-헬스-건강식품-판매량순.xlsx
coupang,쏘팔코사놀 1000 쏘팔메토 옥타코사놀,"쏘팔코사놀 1000 쏘팔메토 옥타코사놀, 120정, 1개",헬스/건강식품,,2,2,"coupang_rank, coupang_sales","쿠팡랭킹순, 판매량순",1,66,77.0,78000,78000.0,20530,20530,4.5,4.5,66,88,,,2026-06-01-12-19-33-쿠팡-헬스-건강식품-쿠팡랭킹순.xlsx | 2026-06-01-12-23-19-쿠팡-헬스-건강식품-판매량순.xlsx
coupang,오늘부터 슬림카페pro 96g,"오늘부터 슬림카페PRO, 96g, 1개",헬스/건강식품,,1,1,coupang_rank,쿠팡랭킹순,0,67,67.0,14800,14800,16171,16171,4.5,4.5,67,,,,2026-06-01-12-19-33-쿠팡-헬스-건강식품-쿠팡랭킹순.xlsx
coupang,함소아 비타민d 1000iu 60p,"함소아 비타민D 1000IU 60p, 60정, 1개",헬스/건강식품,,2,2,"coupang_rank, coupang_sales","쿠팡랭킹순, 판매량순",1,36,52.0,10950,10950.0,25250,25250,5.0,5.0,68,36,,,2026-06-01-12-19-33-쿠팡-헬스-건강식품-쿠팡랭킹순.xlsx | 2026-06-01-12-23-19-쿠팡-헬스-건강식품-판매량순.xlsx
coupang,베베모린 뽀롱뽀롱 뽀로로 비타민c,"베베모린 뽀롱뽀롱 뽀로로 비타민C, 50정, 4개",헬스/건강식품,,1,1,coupang_rank,쿠팡랭킹순,0,69,69.0,7820,7820,14219,14219,5.0,5.0,69,,,,2026-06-01-12-19-33-쿠팡-헬스-건강식품-쿠팡랭킹순.xlsx
coupang,동화약품 에스트로타임 갱년기 여성 케어 회화나무열매 대두이소플라본 비타민d 영양제,"동화약품 에스트로타임 갱년기 여성 케어 회화나무열매 대두이소플라본 비타민D 영양제, 30정, 1개",헬스/건강식품,,2,2,"coupang_rank, coupang_sales","쿠팡랭킹순, 판매량순",1,54,62.0,13760,13760.0,2032,2032,5.0,5.0,70,54,,,2026-06-01-12-19-33-쿠팡-헬스-건강식품-쿠팡랭킹순.xlsx | 2026-06-01-12-23-19-쿠팡-헬스-건강식품-판매량순.xlsx
coupang,보령 브레인 두뇌의 인지력엔 포스파티딜세린 ps 300 30g,"보령 브레인 두뇌의 인지력엔 포스파티딜세린 PS 300 30g, 60정, 1개",헬스/건강식품,,2,2,"coupang_rank, coupang_sales","쿠팡랭킹순, 판매량순",1,71,83.5,17720,26580.0,7204,7204,5.0,5.0,71,96,,,2026-06-01-12-19-33-쿠팡-헬스-건강식품-쿠팡랭킹순.xlsx | 2026-06-01-12-23-19-쿠팡-헬스-건강식품-판매량순.xlsx
coupang,익스트림 밀크씨슬 플러스,"익스트림 밀크씨슬 플러스, 60정, 1개",헬스/건강식품,,2,2,"coupang_rank, coupang_sales","쿠팡랭킹순, 판매량순",1,69,70.5,9900,9900.0,6342,6342,5.0,5.0,72,69,,,2026-06-01-12-19-33-쿠팡-헬스-건강식품-쿠팡랭킹순.xlsx | 2026-06-01-12-23-19-쿠팡-헬스-건강식품-판매량순.xlsx
coupang,데일리코어 감마리놀렌산 보라지유,"데일리코어 감마리놀렌산 보라지유, 60정, 1개",헬스/건강식품,,1,1,coupang_rank,쿠팡랭킹순,0,73,73.0,11000,11000,605,605,5.0,5.0,73,,,,2026-06-01-12-19-33-쿠팡-헬스-건강식품-쿠팡랭킹순.xlsx
coupang,대웅생명과학 생유산균 프로바이오틱스 30p 60g,"대웅생명과학 생유산균 프로바이오틱스 30p, 60g, 1개",헬스/건강식품,,1,1,coupang_rank,쿠팡랭킹순,0,74,74.0,5260,5260,433,433,4.5,4.5,74,,,,2026-06-01-12-19-33-쿠팡-헬스-건강식품-쿠팡랭킹순.xlsx
coupang,뉴트리디데이 rtg 알티지 오메가3 골드,"뉴트리디데이 rTG 알티지 오메가3 골드, 30정, 1개",헬스/건강식품,,2,2,"coupang_rank, coupang_sales","쿠팡랭킹순, 판매량순",1,75,83.0,7900,21400.0,3213,31591,5.0,5.0,75,91,,,2026-06-01-12-19-33-쿠팡-헬스-건강식품-쿠팡랭킹순.xlsx | 2026-06-01-12-23-19-쿠팡-헬스-건강식품-판매량순.xlsx
coupang,엘레나 유렉스 프로바이오틱스 유산균,"엘레나 유렉스 프로바이오틱스 유산균, 90정, 1개",헬스/건강식품,,2,2,"coupang_rank, coupang_sales","쿠팡랭킹순, 판매량순",1,23,49.5,63910,54095.0,22663,22663,5.0,5.0,76,23,,,2026-06-01-12-19-33-쿠팡-헬스-건강식품-쿠팡랭킹순.xlsx | 2026-06-01-12-23-19-쿠팡-헬스-건강식품-판매량순.xlsx
coupang,신풍제약 헬리코박터균 증식억제 위건강 스페인감초추출물 영양제,"신풍제약 헬리코박터균 증식억제 위건강 스페인감초추출물 영양제, 30정, 1개",헬스/건강식품,,2,2,"coupang_rank, coupang_sales","쿠팡랭킹순, 판매량순",1,65,71.0,9890,9890.0,6479,6479,4.5,4.5,77,65,,,2026-06-01-12-19-33-쿠팡-헬스-건강식품-쿠팡랭킹순.xlsx | 2026-06-01-12-23-19-쿠팡-헬스-건강식품-판매량순.xlsx
coupang,황금구렁이 오리지널 차전자피 식이섬유 153g,"황금구렁이 오리지널 차전자피 식이섬유, 153g, 1개",헬스/건강식품,,2,2,"coupang_rank, coupang_sales","쿠팡랭킹순, 판매량순",1,61,69.5,21900,21900.0,1944,1944,4.5,4.5,78,61,,,2026-06-01-12-19-33-쿠팡-헬스-건강식품-쿠팡랭킹순.xlsx | 2026-06-01-12-23-19-쿠팡-헬스-건강식품-판매량순.xlsx
coupang,안국건강 아이메가 알티지 오메가3 미니,"안국건강 아이메가 알티지 오메가3 미니, 60정, 1개",헬스/건강식품,,2,2,"coupang_rank, coupang_sales","쿠팡랭킹순, 판매량순",1,79,81.0,12900,12900.0,1693,1693,5.0,5.0,79,83,,,2026-06-01-12-19-33-쿠팡-헬스-건강식품-쿠팡랭킹순.xlsx | 2026-06-01-12-23-19-쿠팡-헬스-건강식품-판매량순.xlsx
coupang,서울우유 면역탄탄 칼슘 아연 비타민d 젤리스틱 14p 280g,"서울우유 면역탄탄 칼슘 & 아연 & 비타민D 젤리스틱 14p, 1개, 280g",헬스/건강식품,,1,1,coupang_rank,쿠팡랭킹순,0,80,80.0,15200,15200,534,534,5.0,5.0,80,,,,2026-06-01-12-19-33-쿠팡-헬스-건강식품-쿠팡랭킹순.xlsx
coupang,올바른건강식품 와이 케어 프로바이오틱스 vl8,"올바른건강식품 와이 케어 프로바이오틱스 VL8, 90회분, 1개",헬스/건강식품,,1,1,coupang_rank,쿠팡랭킹순,0,81,81.0,13900,13900,3318,3318,5.0,5.0,81,,,,2026-06-01-12-19-33-쿠팡-헬스-건강식품-쿠팡랭킹순.xlsx
coupang,세노비스 키즈 프로폴리스 스프레이 25ml,"세노비스 키즈 프로폴리스 스프레이, 25ml, 1개",헬스/건강식품,,2,2,"coupang_rank, coupang_sales","쿠팡랭킹순, 판매량순",1,74,78.0,10770,10770.0,11385,11385,5.0,5.0,82,74,,,2026-06-01-12-19-33-쿠팡-헬스-건강식품-쿠팡랭킹순.xlsx | 2026-06-01-12-23-19-쿠팡-헬스-건강식품-판매량순.xlsx
coupang,덴프스 트루바이타민 i 50 7g,"덴프스 트루바이타민 I, 50.7g, 1개",헬스/건강식품,,2,2,"coupang_rank, coupang_sales","쿠팡랭킹순, 판매량순",1,63,73.0,18850,18850.0,6903,6903,5.0,5.0,83,63,,,2026-06-01-12-19-33-쿠팡-헬스-건강식품-쿠팡랭킹순.xlsx | 2026-06-01-12-23-19-쿠팡-헬스-건강식품-판매량순.xlsx
coupang,pronutrition 듀얼플랜 다이어트 유산균 14p 35g,"PRONUTRITION 정품 듀얼플랜 다이어트 유산균 14p, 35g, 1개",헬스/건강식품,,1,1,coupang_rank,쿠팡랭킹순,0,84,84.0,39830,39830,1797,1797,4.5,4.5,84,,,,2026-06-01-12-19-33-쿠팡-헬스-건강식품-쿠팡랭킹순.xlsx
coupang,종근당 마그네슘 플러스,"종근당 마그네슘 플러스, 90정, 1개",헬스/건강식품,,2,2,"coupang_rank, coupang_sales","쿠팡랭킹순, 판매량순",1,59,72.0,12670,12670.0,4379,4379,4.5,4.5,85,59,,,2026-06-01-12-19-33-쿠팡-헬스-건강식품-쿠팡랭킹순.xlsx | 2026-06-01-12-23-19-쿠팡-헬스-건강식품-판매량순.xlsx
coupang,종근당 비타민d 1000i u,"종근당 비타민D 1000I.U, 90정, 1개",헬스/건강식품,,2,2,"coupang_rank, coupang_sales","쿠팡랭킹순, 판매량순",1,86,90.0,8350,8350.0,5882,5882,5.0,5.0,86,94,,,2026-06-01-12-19-33-쿠팡-헬스-건강식품-쿠팡랭킹순.xlsx | 2026-06-01-12-23-19-쿠팡-헬스-건강식품-판매량순.xlsx
coupang,뉴트리가든 핏 마그네슘 400,"뉴트리가든 핏 마그네슘 400, 1개, 30정",헬스/건강식품,,1,1,coupang_rank,쿠팡랭킹순,0,87,87.0,5000,5000,163,163,5.0,5.0,87,,,,2026-06-01-12-19-33-쿠팡-헬스-건강식품-쿠팡랭킹순.xlsx
coupang,메디트리 츄어블 비타민d 4000iu 아연 90g,"메디트리 츄어블 비타민D 4000IU 아연 90g, 90정, 1개",헬스/건강식품,,2,2,"coupang_rank, coupang_sales","쿠팡랭킹순, 판매량순",1,82,85.0,9700,9700.0,2248,2248,5.0,5.0,88,82,,,2026-06-01-12-19-33-쿠팡-헬스-건강식품-쿠팡랭킹순.xlsx | 2026-06-01-12-23-19-쿠팡-헬스-건강식품-판매량순.xlsx
coupang,한미양행 신경엔 마그네슘,"한미양행 신경엔 마그네슘, 90정, 1개",헬스/건강식품,,2,2,"coupang_rank, coupang_sales","쿠팡랭킹순, 판매량순",1,89,93.5,11900,11900.0,2079,2079,4.5,4.5,89,98,,,2026-06-01-12-19-33-쿠팡-헬스-건강식품-쿠팡랭킹순.xlsx | 2026-06-01-12-23-19-쿠팡-헬스-건강식품-판매량순.xlsx
coupang,네추럴라이즈 멀티비타민 꾸미,"네추럴라이즈 멀티비타민 꾸미, 60정, 1개",헬스/건강식품,,2,2,"coupang_rank, coupang_sales","쿠팡랭킹순, 판매량순",1,42,66.0,12900,12900.0,14724,14724,5.0,5.0,90,42,,,2026-06-01-12-19-33-쿠팡-헬스-건강식품-쿠팡랭킹순.xlsx | 2026-06-01-12-23-19-쿠팡-헬스-건강식품-판매량순.xlsx
coupang,비에날씬 bnr17 다이어트 유산균 슬림플러스 28g,"비에날씬 BNR17 다이어트 유산균 슬림플러스, 28g, 1개",헬스/건강식품,,2,2,"coupang_rank, coupang_sales","쿠팡랭킹순, 판매량순",1,19,55.0,25900,25900.0,3398,3398,4.5,4.5,91,19,,,2026-06-01-12-19-33-쿠팡-헬스-건강식품-쿠팡랭킹순.xlsx | 2026-06-01-12-23-19-쿠팡-헬스-건강식품-판매량순.xlsx
coupang,일양약품 프라임 프로바이오틱스 유산균19 60g,"일양약품 프라임 프로바이오틱스 유산균19, 60g, 1개",헬스/건강식품,,1,1,coupang_rank,쿠팡랭킹순,0,92,92.0,5760,5760,1370,1370,5.0,5.0,92,,,,2026-06-01-12-19-33-쿠팡-헬스-건강식품-쿠팡랭킹순.xlsx
coupang,뉴트리션메이트 비타민c 120g,"뉴트리션메이트 비타민C 120g, 1개, 100정",헬스/건강식품,,1,1,coupang_rank,쿠팡랭킹순,0,93,93.0,7650,7650,819,819,5.0,5.0,93,,,,2026-06-01-12-19-33-쿠팡-헬스-건강식품-쿠팡랭킹순.xlsx
coupang,덴프스 혈당케어 슬림 영양제,"덴프스 혈당케어 슬림 영양제, 90정, 1개",헬스/건강식품,,1,1,coupang_rank,쿠팡랭킹순,0,94,94.0,10800,10800,313,313,5.0,5.0,94,,,,2026-06-01-12-19-33-쿠팡-헬스-건강식품-쿠팡랭킹순.xlsx
coupang,순수식품 쏘팔메토 로르산 115 옥타코사놀,"순수식품 쏘팔메토 로르산 115 옥타코사놀, 60정, 3개",헬스/건강식품,,1,1,coupang_rank,쿠팡랭킹순,0,95,95.0,25090,25090,5010,5010,4.5,4.5,95,,,,2026-06-01-12-19-33-쿠팡-헬스-건강식품-쿠팡랭킹순.xlsx
coupang,함소아 리포퍼 철분가득 45g,"함소아 리포퍼 철분가득 30포 1개월분, 45g, 1개",헬스/건강식품,,1,1,coupang_rank,쿠팡랭킹순,0,96,96.0,9900,9900,1758,1758,5.0,5.0,96,,,,2026-06-01-12-19-33-쿠팡-헬스-건강식품-쿠팡랭킹순.xlsx
coupang,잠백이 저스트 크레아틴 300g,"잠백이 저스트 크레아틴, 300g, 1개",헬스/건강식품,,2,2,"coupang_rank, coupang_sales","쿠팡랭킹순, 판매량순",1,12,54.5,13900,13900.0,1730,1730,5.0,5.0,97,12,,,2026-06-01-12-19-33-쿠팡-헬스-건강식품-쿠팡랭킹순.xlsx | 2026-06-01-12-23-19-쿠팡-헬스-건강식품-판매량순.xlsx
coupang,쏘팔코사놀 1000mg 쏘팔메토,"쏘팔코사놀 1000mg 쏘팔메토, 130정, 1개",헬스/건강식품,,1,1,coupang_rank,쿠팡랭킹순,0,98,98.0,84660,84660,20530,20530,4.5,4.5,98,,,,2026-06-01-12-19-33-쿠팡-헬스-건강식품-쿠팡랭킹순.xlsx
coupang,종근당 프로바이오틱스 유산균19 2g,"종근당 프로바이오틱스 유산균19, 60회분, 2g, 1개",헬스/건강식품,,1,1,coupang_rank,쿠팡랭킹순,0,99,99.0,12670,12670,8483,8483,4.5,4.5,99,,,,2026-06-01-12-19-33-쿠팡-헬스-건강식품-쿠팡랭킹순.xlsx
coupang,코오롱제약 기억력 혈행엔 은행잎 플러스,"코오롱제약 기억력 혈행엔 은행잎 플러스, 30정, 1개",헬스/건강식품,,1,1,coupang_rank,쿠팡랭킹순,0,100,100.0,5900,5900,2880,2880,4.5,4.5,100,,,,2026-06-01-12-19-33-쿠팡-헬스-건강식품-쿠팡랭킹순.xlsx
coupang,센트룸 실버 우먼 멀티비타민 76 7g,"센트룸 실버 우먼 멀티비타민 76.7g, 50정, 1개",헬스/건강식품,,1,1,coupang_sales,판매량순,0,9,9.0,22950,22950,20587,20587,5.0,5.0,,9,,,2026-06-01-12-23-19-쿠팡-헬스-건강식품-판매량순.xlsx
coupang,종근당 20100 루테인 지아잔틴 아스타잔틴 플러스 영양제,"종근당 20100 루테인 지아잔틴 아스타잔틴 플러스 영양제, 60정, 1개",헬스/건강식품,,1,1,coupang_sales,판매량순,0,15,15.0,24090,24090,2242,2242,4.5,4.5,,15,,,2026-06-01-12-23-19-쿠팡-헬스-건강식품-판매량순.xlsx
coupang,익스트림 올인원 포 맨 멀티비타민,"익스트림 올인원 포 맨 멀티비타민, 30회분, 1개",헬스/건강식품,,1,1,coupang_sales,판매량순,0,17,17.0,40000,40000,5342,5342,5.0,5.0,,17,,,2026-06-01-12-23-19-쿠팡-헬스-건강식품-판매량순.xlsx
coupang,뉴트리디데이 프리미엄 오메가3 골드 1100,"뉴트리디데이 프리미엄 오메가3 골드 1100, 90정, 1개",헬스/건강식품,,1,1,coupang_sales,판매량순,0,20,20.0,20900,20900,64890,64890,5.0,5.0,,20,,,2026-06-01-12-23-19-쿠팡-헬스-건강식품-판매량순.xlsx
coupang,뉴트리디데이 프리미엄 마그네슘 400,"뉴트리디데이 프리미엄 마그네슘 400, 90정, 1개",헬스/건강식품,,1,1,coupang_sales,판매량순,0,22,22.0,10900,10900,9531,9531,5.0,5.0,,22,,,2026-06-01-12-23-19-쿠팡-헬스-건강식품-판매량순.xlsx
coupang,닥터린 초임계 알티지 오메가3 알파 30 21g,"닥터린 초임계 알티지 오메가3 알파 30.21g, 30정, 3개",헬스/건강식품,,1,1,coupang_sales,판매량순,0,24,24.0,26900,26900,39313,39313,5.0,5.0,,24,,,2026-06-01-12-23-19-쿠팡-헬스-건강식품-판매량순.xlsx
coupang,신타6 프로틴 파우더 초코맛 2 27kg,"신타6 정품 프로틴 파우더 초코맛, 2.27kg, 1개",헬스/건강식품,,1,1,coupang_sales,판매량순,0,26,26.0,99900,99900,4818,4818,5.0,5.0,,26,,,2026-06-01-12-23-19-쿠팡-헬스-건강식품-판매량순.xlsx
coupang,아이원 루테인지아잔틴 미니,"아이원 루테인지아잔틴 미니, 180정, 1개",헬스/건강식품,,1,1,coupang_sales,판매량순,0,28,28.0,30960,30960,45195,45195,5.0,5.0,,28,,,2026-06-01-12-23-19-쿠팡-헬스-건강식품-판매량순.xlsx
coupang,락토핏 코어 유산균 60p 2g,"락토핏 정품 코어 유산균 60p, 2g, 180개",헬스/건강식품,,1,1,coupang_sales,판매량순,0,29,29.0,33790,33790,80335,80335,5.0,5.0,,29,,,2026-06-01-12-23-19-쿠팡-헬스-건강식품-판매량순.xlsx
coupang,잠백이 저스트 크레아틴 모노 하이드레이트 헬스보조제 1 2kg,"잠백이 저스트 크레아틴 모노 하이드레이트 헬스보조제, 1.2kg, 1개",헬스/건강식품,,1,1,coupang_sales,판매량순,0,33,33.0,29900,29900,1730,1730,5.0,5.0,,33,,,2026-06-01-12-23-19-쿠팡-헬스-건강식품-판매량순.xlsx
coupang,나우그린 프리미엄 비피더스 100,"나우그린 정품 프리미엄 비피더스 100, 30정, 1개",헬스/건강식품,,1,1,coupang_sales,판매량순,0,34,34.0,19900,19900,4401,4401,5.0,5.0,,34,,,2026-06-01-12-23-19-쿠팡-헬스-건강식품-판매량순.xlsx
coupang,락피도 철분 액상 240ml,"락피도 정품 철분 액상 30포, 240ml, 1개",헬스/건강식품,,1,1,coupang_sales,판매량순,0,37,37.0,15340,15340,8200,8200,5.0,5.0,,37,,,2026-06-01-12-23-19-쿠팡-헬스-건강식품-판매량순.xlsx
coupang,락토핏 생유산균 베베 120g,"락토핏 생유산균 베베 60포, 120g, 1개",헬스/건강식품,,1,1,coupang_sales,판매량순,0,38,38.0,15600,15600,36636,36636,5.0,5.0,,38,,,2026-06-01-12-23-19-쿠팡-헬스-건강식품-판매량순.xlsx
coupang,에버콜라겐 타임 비오틴 150g,"에버콜라겐 타임 비오틴, 150g, 1개",헬스/건강식품,,1,1,coupang_sales,판매량순,0,41,41.0,39900,39900,56659,56659,5.0,5.0,,41,,,2026-06-01-12-23-19-쿠팡-헬스-건강식품-판매량순.xlsx
coupang,유한건강생활 이너플로라 urex 프로바이오틱스 유산균,"유한건강생활 이너플로라 UREX 프로바이오틱스 유산균, 30정, 1개",헬스/건강식품,,1,1,coupang_sales,판매량순,0,43,43.0,22700,22700,7227,7227,5.0,5.0,,43,,,2026-06-01-12-23-19-쿠팡-헬스-건강식품-판매량순.xlsx
coupang,센트룸 멀티비타민 실버 포우먼,"센트룸 멀티비타민 실버 포우먼, 112정, 1개",헬스/건강식품,,1,1,coupang_sales,판매량순,0,45,45.0,36530,36530,20587,20587,5.0,5.0,,45,,,2026-06-01-12-23-19-쿠팡-헬스-건강식품-판매량순.xlsx
coupang,솔가 엽산 400,"솔가 엽산 400, 100정, 1개",헬스/건강식품,,1,1,coupang_sales,판매량순,0,46,46.0,12600,12600,25307,25307,5.0,5.0,,46,,,2026-06-01-12-23-19-쿠팡-헬스-건강식품-판매량순.xlsx
coupang,락티브 하트톡 철분,"락티브 하트톡 철분, 30정, 1개",헬스/건강식품,,1,1,coupang_sales,판매량순,0,47,47.0,18000,18000,149,149,5.0,5.0,,47,,,2026-06-01-12-23-19-쿠팡-헬스-건강식품-판매량순.xlsx
coupang,메가도스 비타민c 3000mg 180g,"메가도스 비타민C 3000mg, 180g, 1개",헬스/건강식품,,1,1,coupang_sales,판매량순,0,48,48.0,17600,17600,61016,61016,5.0,5.0,,48,,,2026-06-01-12-23-19-쿠팡-헬스-건강식품-판매량순.xlsx
coupang,고함량 마그네슘 영양제 400mg 프리미엄 산화마그네슘 식약처 인증 식약청 인정 건강헤아림,"(고함량 마그네슘 영양제) 400mg 프리미엄 산화마그네슘 식약처 인증 식약청 인정 건강헤아림, 90정, 2개",헬스/건강식품,,1,1,coupang_sales,판매량순,0,50,50.0,29900,29900,6403,6403,4.5,4.5,,50,,,2026-06-01-12-23-19-쿠팡-헬스-건강식품-판매량순.xlsx
coupang,종근당 아연 플러스,"종근당 아연 플러스, 90정, 1개",헬스/건강식품,,1,1,coupang_sales,판매량순,0,51,51.0,11870,11870,2984,2984,4.5,4.5,,51,,,2026-06-01-12-23-19-쿠팡-헬스-건강식품-판매량순.xlsx
coupang,뉴프라이스 정직한 알티지 오메가3,"뉴프라이스 정직한 알티지 오메가3, 1개, 60정",헬스/건강식품,,1,1,coupang_sales,판매량순,0,52,52.0,6900,6900,322,322,5.0,5.0,,52,,,2026-06-01-12-23-19-쿠팡-헬스-건강식품-판매량순.xlsx
coupang,익스트림 초임계 알티지 오메가3 1200,"익스트림 초임계 알티지 오메가3 1200, 60정, 1개",헬스/건강식품,,1,1,coupang_sales,판매량순,0,55,55.0,25500,25500,3026,3026,5.0,5.0,,55,,,2026-06-01-12-23-19-쿠팡-헬스-건강식품-판매량순.xlsx
coupang,닥터에디션 바이오d 드롭스 8ml,"닥터에디션 바이오D 드롭스, 8ml, 1개",헬스/건강식품,,1,1,coupang_sales,판매량순,0,56,56.0,42500,42500,2021,2021,5.0,5.0,,56,,,2026-06-01-12-23-19-쿠팡-헬스-건강식품-판매량순.xlsx
coupang,일양약품 눈건강 루테인 골드,"일양약품 눈건강 루테인 골드, 30정, 4개",헬스/건강식품,,1,1,coupang_sales,판매량순,0,57,57.0,24100,24100,27826,27826,4.5,4.5,,57,,,2026-06-01-12-23-19-쿠팡-헬스-건강식품-판매량순.xlsx
coupang,셀렉스 프로틴 락토프리 플러스 근력단백질 570g,"셀렉스 프로틴 락토프리 플러스 근력단백질, 570g, 1개",헬스/건강식품,,1,1,coupang_sales,판매량순,0,58,58.0,37790,37790,1469,1469,5.0,5.0,,58,,,2026-06-01-12-23-19-쿠팡-헬스-건강식품-판매량순.xlsx
coupang,내츄럴플러스 알티지 오메가3 1200 234g,"내츄럴플러스 알티지 오메가3 1200, 180정, 234g, 1개",헬스/건강식품,,1,1,coupang_sales,판매량순,0,60,60.0,48380,48380,42313,42313,5.0,5.0,,60,,,2026-06-01-12-23-19-쿠팡-헬스-건강식품-판매량순.xlsx
coupang,마미앤대디 비건 식물성 비타민d 2000iu 9g,"마미앤대디 비건 식물성 비타민D 2000IU 9g, 1개, 60정",헬스/건강식품,,1,1,coupang_sales,판매량순,0,64,64.0,19900,19900,1095,1095,5.0,5.0,,64,,,2026-06-01-12-23-19-쿠팡-헬스-건강식품-판매량순.xlsx
coupang,아르테폴리스 씹어먹는 그린프로폴리스 레몬맛 아르테필린c,"아르테폴리스 씹어먹는 그린프로폴리스 레몬맛 아르테필린C, 1개, 60정",헬스/건강식품,,1,1,coupang_sales,판매량순,0,66,66.0,35680,35680,1647,1647,4.5,4.5,,66,,,2026-06-01-12-23-19-쿠팡-헬스-건강식품-판매량순.xlsx
coupang,네추럴라이즈 감마리놀렌산 달맞이꽃 종자유,"네추럴라이즈 감마리놀렌산 달맞이꽃 종자유, 300정, 1개",헬스/건강식품,,1,1,coupang_sales,판매량순,0,67,67.0,36900,36900,17647,17647,4.5,4.5,,67,,,2026-06-01-12-23-19-쿠팡-헬스-건강식품-판매량순.xlsx
coupang,마스터바이옴 지노 마스터,"마스터바이옴 지노 마스터, 28정, 1개",헬스/건강식품,,1,1,coupang_sales,판매량순,0,68,68.0,25800,25800,5644,5644,5.0,5.0,,68,,,2026-06-01-12-23-19-쿠팡-헬스-건강식품-판매량순.xlsx
coupang,지큐랩 100억 생유산균 골드,"지큐랩 100억 생유산균 골드, 60정, 1개",헬스/건강식품,,1,1,coupang_sales,판매량순,0,70,70.0,23000,23000,15565,15565,5.0,5.0,,70,,,2026-06-01-12-23-19-쿠팡-헬스-건강식품-판매량순.xlsx
coupang,알유21 비타민c,"알유21 비타민C, 6정, 12개",헬스/건강식품,,1,1,coupang_sales,판매량순,0,71,71.0,29820,29820,13500,13500,5.0,5.0,,71,,,2026-06-01-12-23-19-쿠팡-헬스-건강식품-판매량순.xlsx
coupang,차일드라이프 액상 비타민 c 오렌지맛 118ml,"차일드라이프 액상 비타민 C 오렌지맛, 118ml, 1개",헬스/건강식품,,1,1,coupang_sales,판매량순,0,72,72.0,12400,12400,5329,5329,5.0,5.0,,72,,,2026-06-01-12-23-19-쿠팡-헬스-건강식품-판매량순.xlsx
coupang,닥터린 하이퍼셀 코엔자임q10 알파 26 25g,"닥터린 하이퍼셀 코엔자임Q10 알파 26.25g, 30정, 3개",헬스/건강식품,,1,1,coupang_sales,판매량순,0,75,75.0,51960,51960,1773,1773,5.0,5.0,,75,,,2026-06-01-12-23-19-쿠팡-헬스-건강식품-판매량순.xlsx
coupang,뉴트리정 프리미엄 마그네슘,"뉴트리정 프리미엄 마그네슘 대용량, 1개, 300정",헬스/건강식품,,1,1,coupang_sales,판매량순,0,76,76.0,19900,19900,1643,1643,5.0,5.0,,76,,,2026-06-01-12-23-19-쿠팡-헬스-건강식품-판매량순.xlsx
coupang,에스더포뮬러 여에스더 유산균 클래식 pro,"에스더포뮬러 여에스더 유산균 클래식 Pro 30캡슐, 3개, 30회분",헬스/건강식품,,1,1,coupang_sales,판매량순,0,77,77.0,39000,39000,2390,2390,5.0,5.0,,77,,,2026-06-01-12-23-19-쿠팡-헬스-건강식품-판매량순.xlsx
coupang,세노비스 new 트리플러스 오메가3 이뮨 우먼 멀티비타민,"세노비스 New 트리플러스 오메가3 이뮨 우먼 멀티비타민, 80정, 1개",헬스/건강식품,,1,1,coupang_sales,판매량순,0,80,80.0,25700,25700,1491,1491,5.0,5.0,,80,,,2026-06-01-12-23-19-쿠팡-헬스-건강식품-판매량순.xlsx
coupang,솔가 활성 엽산 680 위드 비타민 b12,"솔가 활성 엽산 680 위드 비타민 B12, 60정, 1개",헬스/건강식품,,1,1,coupang_sales,판매량순,0,81,81.0,31880,31880,1081,1081,5.0,5.0,,81,,,2026-06-01-12-23-19-쿠팡-헬스-건강식품-판매량순.xlsx
coupang,세노비스 마그네슘,"세노비스 정품 마그네슘, 90정, 1개",헬스/건강식품,,1,1,coupang_sales,판매량순,0,84,84.0,15830,15830,346,346,5.0,5.0,,84,,,2026-06-01-12-23-19-쿠팡-헬스-건강식품-판매량순.xlsx
coupang,세노비스 어드밴스드 코엔자임 큐텐 36g,"세노비스 어드밴스드 코엔자임 큐텐 36g, 60정, 1개",헬스/건강식품,,1,1,coupang_sales,판매량순,0,85,85.0,25370,25370,654,654,5.0,5.0,,85,,,2026-06-01-12-23-19-쿠팡-헬스-건강식품-판매량순.xlsx
coupang,나우푸드 알티지 오메가3,"나우푸드 알티지 오메가3, 90정, 2개",헬스/건강식품,,1,1,coupang_sales,판매량순,0,87,87.0,46000,46000,3133,3133,5.0,5.0,,87,,,2026-06-01-12-23-19-쿠팡-헬스-건강식품-판매량순.xlsx
coupang,프로메가 알티지 오메가3 듀얼 플러스,"프로메가 알티지 오메가3 듀얼 플러스, 60정, 3개",헬스/건강식품,,1,1,coupang_sales,판매량순,0,89,89.0,35200,35200,54924,54924,5.0,5.0,,89,,,2026-06-01-12-23-19-쿠팡-헬스-건강식품-판매량순.xlsx
coupang,헬스헬퍼 맥스컷 프로 크롬,"헬스헬퍼 맥스컷 프로 크롬, 120정, 1개",헬스/건강식품,,1,1,coupang_sales,판매량순,0,90,90.0,38940,38940,129,129,5.0,5.0,,90,,,2026-06-01-12-23-19-쿠팡-헬스-건강식품-판매량순.xlsx
coupang,세노비스 프로폴리스 플러스,"세노비스 프로폴리스 플러스, 60정, 1개",헬스/건강식품,,1,1,coupang_sales,판매량순,0,95,95.0,18440,18440,8534,8534,5.0,5.0,,95,,,2026-06-01-12-23-19-쿠팡-헬스-건강식품-판매량순.xlsx
coupang,대원제약 올인원 이뮨 멀티팩 종합비타민 밀크씨슬 루테인 오메가3,"대원제약 올인원 이뮨 멀티팩 종합비타민 밀크씨슬 + 루테인 + 오메가3, 1개, 30회분",헬스/건강식품,,1,1,coupang_sales,판매량순,0,97,97.0,27970,27970,854,854,5.0,5.0,,97,,,2026-06-01-12-23-19-쿠팡-헬스-건강식품-판매량순.xlsx
coupang,이너랩 액티브 비타민b,"이너랩 액티브 비타민B, 60정, 1개",헬스/건강식품,,1,1,coupang_sales,판매량순,0,99,99.0,10700,10700,12714,12714,5.0,5.0,,99,,,2026-06-01-12-23-19-쿠팡-헬스-건강식품-판매량순.xlsx
coupang,뉴트리코스트 크레아틴 분말 300g,"뉴트리코스트 정품 크레아틴 분말, 300g, 1개",헬스/건강식품,,1,1,coupang_sales,판매량순,0,100,100.0,23900,23900,747,747,5.0,5.0,,100,,,2026-06-01-12-23-19-쿠팡-헬스-건강식품-판매량순.xlsx
naver_shopping,bnr17 비에날씬 다이어트 유산균 모유유래 체지방감소 3개월 캡슐 비에날씬 활력up,BNR17 비에날씬 다이어트 유산균 모유유래 체지방감소 3개월 캡슐 + 비에날씬 활력UP 7포 (1BOX),건강식품,비에날몰,2,2,"naver_buy_daily, naver_buy_weekly","많이구매한BEST_일간, 많이구매한BEST_주간",1,1,1.0,198000,198000.0,89641,89641,4.8,4.8,,,1,1,네이버쇼핑-건강식품-많이구매한BEST-일간-2026-06-01-12-02-48.xlsx | 네이버쇼핑-건강식품-많이구매한BEST-주간-2026-06-01-12-03-53.xlsx
naver_shopping,그레인온 골드 카무트 효소,그레인온 골드 카무트 효소,건강식품,그레인온,4,2,"naver_buy_daily, naver_buy_weekly","많이구매한BEST_일간, 많이구매한BEST_주간",1,2,28.75,44900,58900.0,94485,94485,4.9,4.9,,,55,56,네이버쇼핑-건강식품-많이구매한BEST-일간-2026-06-01-12-02-48.xlsx | 네이버쇼핑-건강식품-많이구매한BEST-주간-2026-06-01-12-03-53.xlsx
naver_shopping,고려은단 비타민c 1000 x,고려은단 비타민C 1000 600정 X 1개 (20개월분),건강식품,고려은단비타민C,2,2,"naver_buy_daily, naver_buy_weekly","많이구매한BEST_일간, 많이구매한BEST_주간",1,3,3.5,42900,42900.0,99999,99999,4.9,4.9,,,3,4,네이버쇼핑-건강식품-많이구매한BEST-일간-2026-06-01-12-02-48.xlsx | 네이버쇼핑-건강식품-많이구매한BEST-주간-2026-06-01-12-03-53.xlsx
naver_shopping,고려은단 메가도스c 비타민c 3000mg x 300g,"고려은단 메가도스C 비타민C 3000mg X 100포 (300g), 2개",건강식품,고려은단몰,3,2,"naver_buy_daily, naver_buy_weekly","많이구매한BEST_일간, 많이구매한BEST_주간",1,3,34.0,49900,49900,99999,99999,4.9,4.9,,,4,95,네이버쇼핑-건강식품-많이구매한BEST-일간-2026-06-01-12-02-48.xlsx | 네이버쇼핑-건강식품-많이구매한BEST-주간-2026-06-01-12-03-53.xlsx
naver_shopping,배석철의 아미나 고용량 비타민b3 500mg 미국산 니코틴산아미드,배석철의 아미나 고용량 비타민B3 500mg 미국산 니코틴산아미드,건강식품,배석철의 아미나,4,2,"naver_buy_daily, naver_buy_weekly","많이구매한BEST_일간, 많이구매한BEST_주간",1,5,28.0,48000,46500.0,9136,9136,4.8,4.8,,,43,57,네이버쇼핑-건강식품-많이구매한BEST-일간-2026-06-01-12-02-48.xlsx | 네이버쇼핑-건강식품-많이구매한BEST-주간-2026-06-01-12-03-53.xlsx
naver_shopping,주영엔에스 관절엔 콘드로이친 1200,주영엔에스 관절엔 콘드로이친 1200,건강식품,주영엔에스,3,2,"naver_buy_daily, naver_buy_weekly","많이구매한BEST_일간, 많이구매한BEST_주간",1,6,17.0,175000,175000,99999,99999,4.9,4.9,,,6,39,네이버쇼핑-건강식품-많이구매한BEST-일간-2026-06-01-12-02-48.xlsx | 네이버쇼핑-건강식품-많이구매한BEST-주간-2026-06-01-12-03-53.xlsx
naver_shopping,닥터린 송중기 하이퍼셀 대마종자유 알파 햄프씨드오일 카나비노이드,[네이버 단독 100일분] 닥터린 송중기 하이퍼셀 대마종자유 알파 햄프씨드오일 카나비노이드,건강식품,닥터린 공식스토어,2,2,"naver_buy_daily, naver_buy_weekly","많이구매한BEST_일간, 많이구매한BEST_주간",1,7,41.5,56900,56900.0,3856,3856,4.8,4.8,,,7,76,네이버쇼핑-건강식품-많이구매한BEST-일간-2026-06-01-12-02-48.xlsx | 네이버쇼핑-건강식품-많이구매한BEST-주간-2026-06-01-12-03-53.xlsx
naver_shopping,종근당건강 락토핏 코어,종근당건강 락토핏 코어 360 기획세트(360일분),건강식품,종근당건강,2,2,"naver_buy_daily, naver_buy_weekly","많이구매한BEST_일간, 많이구매한BEST_주간",1,8,9.5,69900,69900.0,46072,46072,4.9,4.9,,,8,11,네이버쇼핑-건강식품-많이구매한BEST-일간-2026-06-01-12-02-48.xlsx | 네이버쇼핑-건강식품-많이구매한BEST-주간-2026-06-01-12-03-53.xlsx
naver_shopping,로킷아메리카 nmn 프테로스틸벤 고순도 엔엠엔,"로킷아메리카 NMN 프테로스틸벤 고순도 엔엠엔, 60캡슐, 3병",건강식품,로킷아메리카,2,2,"naver_buy_daily, naver_buy_weekly","많이구매한BEST_일간, 많이구매한BEST_주간",1,9,23.0,189570,189570.0,10373,10373,4.9,4.9,,,9,37,네이버쇼핑-건강식품-많이구매한BEST-일간-2026-06-01-12-02-48.xlsx | 네이버쇼핑-건강식품-많이구매한BEST-주간-2026-06-01-12-03-53.xlsx
naver_shopping,정관장 에브리타임 소프트 10ml,[네이버단독] 정관장 에브리타임 소프트 10ml 50포,건강식품,정관장브랜드스토어,2,2,"naver_buy_daily, naver_buy_weekly","많이구매한BEST_일간, 많이구매한BEST_주간",1,10,11.0,110000,110000.0,46372,46372,4.9,4.9,,,10,12,네이버쇼핑-건강식품-많이구매한BEST-일간-2026-06-01-12-02-48.xlsx | 네이버쇼핑-건강식품-많이구매한BEST-주간-2026-06-01-12-03-53.xlsx
naver_shopping,고려은단 식물성 퓨어 알티지 오메가3,"고려은단 식물성 퓨어 알티지 오메가3 60캡슐, 3개 (6개월분)",건강식품,고려은단몰,2,2,"naver_buy_daily, naver_buy_weekly","많이구매한BEST_일간, 많이구매한BEST_주간",1,5,8.0,49900,49900.0,99999,99999,4.9,4.9,,,11,5,네이버쇼핑-건강식품-많이구매한BEST-일간-2026-06-01-12-02-48.xlsx | 네이버쇼핑-건강식품-많이구매한BEST-주간-2026-06-01-12-03-53.xlsx
naver_shopping,고려은단 비타민c 1000 영국산 고함량 비타민씨,고려은단 비타민C 1000 영국산 고함량 비타민씨 600정,건강식품,비시스,2,2,"naver_buy_daily, naver_buy_weekly","많이구매한BEST_일간, 많이구매한BEST_주간",1,12,13.0,41900,41900.0,9952,9952,4.9,4.9,,,12,14,네이버쇼핑-건강식품-많이구매한BEST-일간-2026-06-01-12-02-48.xlsx | 네이버쇼핑-건강식품-많이구매한BEST-주간-2026-06-01-12-03-53.xlsx
naver_shopping,고려은단 루테인 지아잔틴 아스타잔틴,"고려은단 루테인 지아잔틴 아스타잔틴 60캡슐, 3개 (6개월분)",건강식품,고려은단몰,2,2,"naver_buy_daily, naver_buy_weekly","많이구매한BEST_일간, 많이구매한BEST_주간",1,8,10.5,64900,64900.0,61974,61974,4.9,4.9,,,13,8,네이버쇼핑-건강식품-많이구매한BEST-일간-2026-06-01-12-02-48.xlsx | 네이버쇼핑-건강식품-많이구매한BEST-주간-2026-06-01-12-03-53.xlsx
naver_shopping,고려은단 메가도스d 비타민d3 4000iu 1년분,"[네이버 단독]고려은단 메가도스D 비타민D3 4000IU 180정, 2개 (1년분)",건강식품,고려은단몰,2,2,"naver_buy_daily, naver_buy_weekly","많이구매한BEST_일간, 많이구매한BEST_주간",1,14,18.5,31900,31900.0,28669,28669,4.9,4.9,,,14,23,네이버쇼핑-건강식품-많이구매한BEST-일간-2026-06-01-12-02-48.xlsx | 네이버쇼핑-건강식품-많이구매한BEST-주간-2026-06-01-12-03-53.xlsx
naver_shopping,애터미 헤모힘 효능 헤모임 해모임 해모힘 성분 20ml x,애터미 헤모힘 효능 헤모임 해모임 해모힘 성분 20ml x 60포,건강식품,2 4 7,2,2,"naver_buy_daily, naver_buy_weekly","많이구매한BEST_일간, 많이구매한BEST_주간",1,13,14.0,57460,57460.0,774,774,4.8,4.8,,,15,13,네이버쇼핑-건강식품-많이구매한BEST-일간-2026-06-01-12-02-48.xlsx | 네이버쇼핑-건강식품-많이구매한BEST-주간-2026-06-01-12-03-53.xlsx
naver_shopping,주영엔에스 뼈엔 엠비피mbp,주영엔에스 뼈엔 엠비피MBP,건강식품,주영엔에스,2,2,"naver_buy_daily, naver_buy_weekly","많이구매한BEST_일간, 많이구매한BEST_주간",1,16,22.0,123000,123000.0,99999,99999,4.9,4.9,,,16,28,네이버쇼핑-건강식품-많이구매한BEST-일간-2026-06-01-12-02-48.xlsx | 네이버쇼핑-건강식품-많이구매한BEST-주간-2026-06-01-12-03-53.xlsx
naver_shopping,드시모네 캡슐 플러스 x 총 슈퍼적립,드시모네 캡슐 플러스 (120캡슐) x 2박스 (총 240캡슐) (+슈퍼적립),건강식품,드시모네 스토어,2,2,"naver_buy_daily, naver_buy_weekly","많이구매한BEST_일간, 많이구매한BEST_주간",1,17,34.5,196000,196000.0,8563,8563,4.9,4.9,,,17,52,네이버쇼핑-건강식품-많이구매한BEST-일간-2026-06-01-12-02-48.xlsx | 네이버쇼핑-건강식품-많이구매한BEST-주간-2026-06-01-12-03-53.xlsx
naver_shopping,덴마크 유산균이야기,덴마크 유산균이야기,건강식품,덴프스,2,2,"naver_buy_daily, naver_buy_weekly","많이구매한BEST_일간, 많이구매한BEST_주간",1,9,13.5,157000,157000.0,99999,99999,4.9,4.9,,,18,9,네이버쇼핑-건강식품-많이구매한BEST-일간-2026-06-01-12-02-48.xlsx | 네이버쇼핑-건강식품-많이구매한BEST-주간-2026-06-01-12-03-53.xlsx
naver_shopping,gnm 조정석 건강한 간 밀크씨슬 총 간건강 실리마린 비타민b,GNM 조정석 건강한 간 밀크씨슬 5박스(총 5개월분) / 간건강 실리마린 비타민B,건강식품,GNM 자연의품격,2,2,"naver_buy_daily, naver_buy_weekly","많이구매한BEST_일간, 많이구매한BEST_주간",1,16,17.5,21900,21900.0,99999,99999,4.8,4.8,,,19,16,네이버쇼핑-건강식품-많이구매한BEST-일간-2026-06-01-12-02-48.xlsx | 네이버쇼핑-건강식품-많이구매한BEST-주간-2026-06-01-12-03-53.xlsx
naver_shopping,granny salad 그래니 샐러드,Granny Salad 그래니 샐러드,건강식품,헬스네이처스토어,2,2,"naver_buy_daily, naver_buy_weekly","많이구매한BEST_일간, 많이구매한BEST_주간",1,15,17.5,22900,22900.0,2929,2929,4.7,4.7,,,20,15,네이버쇼핑-건강식품-많이구매한BEST-일간-2026-06-01-12-02-48.xlsx | 네이버쇼핑-건강식품-많이구매한BEST-주간-2026-06-01-12-03-53.xlsx
naver_shopping,총 gnm 마그네슘05 비타민b 5중 복합기능성 셀레늄,[총 8개월분] GNM 마그네슘05 / 비타민B 5중 복합기능성 셀레늄,건강식품,GNM 자연의품격,1,1,naver_buy_daily,많이구매한BEST_일간,0,21,21.0,27900,27900,35428,35428,4.8,4.8,,,21,,네이버쇼핑-건강식품-많이구매한BEST-일간-2026-06-01-12-02-48.xlsx
naver_shopping,압타민c 비타민c 1000mg 플러스,압타민C 비타민C 1000mg 플러스,건강식품,반가운 웰니스 스토어,2,2,"naver_buy_daily, naver_buy_weekly","많이구매한BEST_일간, 많이구매한BEST_주간",1,22,47.5,50000,50000.0,16823,16823,4.8,4.8,,,22,73,네이버쇼핑-건강식품-많이구매한BEST-일간-2026-06-01-12-02-48.xlsx | 네이버쇼핑-건강식품-많이구매한BEST-주간-2026-06-01-12-03-53.xlsx
naver_shopping,몰 신애라 pick 더파인프리미엄 100 솔잎증류농축액 혈당케어,본사직영몰 신애라 PICK 더파인프리미엄 100% 솔잎증류농축액 혈당케어,건강식품,더 파인 프리미엄,2,2,"naver_buy_daily, naver_buy_weekly","많이구매한BEST_일간, 많이구매한BEST_주간",1,20,21.5,308000,308000.0,1122,1122,4.7,4.7,,,23,20,네이버쇼핑-건강식품-많이구매한BEST-일간-2026-06-01-12-02-48.xlsx | 네이버쇼핑-건강식품-많이구매한BEST-주간-2026-06-01-12-03-53.xlsx
naver_shopping,5개월 뉴트리코어 wcs 포스파티딜세린 ps 순도 85 피에스,[5개월] 뉴트리코어 WCS 포스파티딜세린 PS 순도 85% 피에스,건강식품,뉴트리코어,2,2,"naver_buy_daily, naver_buy_weekly","많이구매한BEST_일간, 많이구매한BEST_주간",1,24,35.5,236000,236000.0,20205,20205,4.8,4.8,,,24,47,네이버쇼핑-건강식품-많이구매한BEST-일간-2026-06-01-12-02-48.xlsx | 네이버쇼핑-건강식품-많이구매한BEST-주간-2026-06-01-12-03-53.xlsx
naver_shopping,장사의신 장신몰 올인원 영양제 칼슘 마그네슘 미네랄 멀티 비타민 23종 1450mg x,[장사의신 장신몰] 올인원 영양제 칼슘 마그네슘 미네랄 멀티 비타민 23종 1450mg x 60정,건강식품,장사의신몰,2,2,"naver_buy_daily, naver_buy_weekly","많이구매한BEST_일간, 많이구매한BEST_주간",1,25,60.5,11900,11900.0,4462,4462,4.9,4.9,,,25,96,네이버쇼핑-건강식품-많이구매한BEST-일간-2026-06-01-12-02-48.xlsx | 네이버쇼핑-건강식품-많이구매한BEST-주간-2026-06-01-12-03-53.xlsx
naver_shopping,그레인온 골드카무트효소g,그레인온 골드카무트효소G,건강식품,그레인온,2,2,"naver_buy_daily, naver_buy_weekly","많이구매한BEST_일간, 많이구매한BEST_주간",1,26,44.5,24900,24900.0,29081,29081,4.8,4.8,,,26,63,네이버쇼핑-건강식품-많이구매한BEST-일간-2026-06-01-12-02-48.xlsx | 네이버쇼핑-건강식품-많이구매한BEST-주간-2026-06-01-12-03-53.xlsx
naver_shopping,뉴케어 균형영양식 구수한맛 200ml 외 5종,뉴케어 균형영양식 구수한맛 200ml 외 5종 (10팩+10팩),건강식품,대상웰라이프 본사쇼핑몰,2,2,"naver_buy_daily, naver_buy_weekly","많이구매한BEST_일간, 많이구매한BEST_주간",1,27,28.0,39000,39000.0,3153,3153,4.9,4.9,,,27,29,네이버쇼핑-건강식품-많이구매한BEST-일간-2026-06-01-12-02-48.xlsx | 네이버쇼핑-건강식품-많이구매한BEST-주간-2026-06-01-12-03-53.xlsx
naver_shopping,비에날씬 bnr17 비엔날씬 유산균 bmr17 김희선 다이어트 유산균,비에날씬 BNR17 비엔날씬 유산균 BMR17 김희선 다이어트 유산균,건강식품,뉴트라이트,2,2,"naver_buy_daily, naver_buy_weekly","많이구매한BEST_일간, 많이구매한BEST_주간",1,28,43.5,45800,45800.0,2434,2434,4.8,4.8,,,28,59,네이버쇼핑-건강식품-많이구매한BEST-일간-2026-06-01-12-02-48.xlsx | 네이버쇼핑-건강식품-많이구매한BEST-주간-2026-06-01-12-03-53.xlsx
naver_shopping,고려은단 프로바이오틱스 유산균 스페셜핏 100억 유산균,"고려은단 프로바이오틱스 유산균 스페셜핏 100억 유산균 30캡슐, 3개",건강식품,고려은단몰,2,2,"naver_buy_daily, naver_buy_weekly","많이구매한BEST_일간, 많이구매한BEST_주간",1,17,23.0,45900,45900.0,47316,47316,4.9,4.9,,,29,17,네이버쇼핑-건강식품-많이구매한BEST-일간-2026-06-01-12-02-48.xlsx | 네이버쇼핑-건강식품-많이구매한BEST-주간-2026-06-01-12-03-53.xlsx
naver_shopping,피에이치365 아기유산균 프로바이오틱스 베이비 돌 유아 아이,피에이치365 아기유산균 프로바이오틱스 베이비 돌 유아 아이,건강식품,피에이치365,2,2,"naver_buy_daily, naver_buy_weekly","많이구매한BEST_일간, 많이구매한BEST_주간",1,26,28.0,39000,39000.0,99999,99999,4.9,4.9,,,30,26,네이버쇼핑-건강식품-많이구매한BEST-일간-2026-06-01-12-02-48.xlsx | 네이버쇼핑-건강식품-많이구매한BEST-주간-2026-06-01-12-03-53.xlsx
naver_shopping,메디트리 유산균 100억 장까지 살아가는 캡슐 알약 모유유래유산균,[6개월분] 메디트리 유산균 100억 장까지 살아가는 캡슐 알약 모유유래유산균,건강식품,메디트리 공식 스토어,2,2,"naver_buy_daily, naver_buy_weekly","많이구매한BEST_일간, 많이구매한BEST_주간",1,22,26.5,55900,55900.0,9598,9598,4.9,4.9,,,31,22,네이버쇼핑-건강식품-많이구매한BEST-일간-2026-06-01-12-02-48.xlsx | 네이버쇼핑-건강식품-많이구매한BEST-주간-2026-06-01-12-03-53.xlsx
naver_shopping,서울대 위바이옴 두뇌엔 닥터ps 70 포스파티딜세린 분말 세린에이드,서울대 위바이옴 두뇌엔 닥터PS 70 포스파티딜세린 분말 세린에이드,건강식품,위바이옴,2,2,"naver_buy_daily, naver_buy_weekly","많이구매한BEST_일간, 많이구매한BEST_주간",1,32,42.5,118000,118000.0,19015,19015,4.8,4.8,,,32,53,네이버쇼핑-건강식품-많이구매한BEST-일간-2026-06-01-12-02-48.xlsx | 네이버쇼핑-건강식품-많이구매한BEST-주간-2026-06-01-12-03-53.xlsx
naver_shopping,정식 스토어 김용건이 선택한 청정 울릉도 마가보감 프리미엄 1개월 마가목 열매 엉겅퀴 마가목즙 n배송,[본사 정식 스토어] 김용건이 선택한 청정 울릉도 마가보감 프리미엄 1개월 마가목 열매 엉겅퀴 마가목즙[N배송],건강식품,워너비인,2,2,"naver_buy_daily, naver_buy_weekly","많이구매한BEST_일간, 많이구매한BEST_주간",1,30,31.5,349000,349000.0,795,795,4.8,4.8,,,33,30,네이버쇼핑-건강식품-많이구매한BEST-일간-2026-06-01-12-02-48.xlsx | 네이버쇼핑-건강식품-많이구매한BEST-주간-2026-06-01-12-03-53.xlsx
naver_shopping,조선비책 침향환 초고함량 발효 침향 효능 침향단 체내흡수2 5배 침향원 1박스60환,조선비책 침향환 초고함량 발효 침향 효능 침향단 체내흡수2.5배 침향원 1박스60환,건강식품,조선비책,2,2,"naver_buy_daily, naver_buy_weekly","많이구매한BEST_일간, 많이구매한BEST_주간",1,21,27.5,99000,99000.0,70956,70956,4.9,4.9,,,34,21,네이버쇼핑-건강식품-많이구매한BEST-일간-2026-06-01-12-02-48.xlsx | 네이버쇼핑-건강식품-많이구매한BEST-주간-2026-06-01-12-03-53.xlsx
naver_shopping,닥터린 송중기 철갑상어 콘드로이친 1200 맥스 저분자 뮤코다당단백,[6개입] 닥터린 송중기 철갑상어 콘드로이친 1200 맥스 저분자 뮤코다당단백,건강식품,닥터린 공식스토어,2,2,"naver_buy_daily, naver_buy_weekly","많이구매한BEST_일간, 많이구매한BEST_주간",1,35,35.5,99000,99000.0,27727,27727,4.8,4.8,,,35,36,네이버쇼핑-건강식품-많이구매한BEST-일간-2026-06-01-12-02-48.xlsx | 네이버쇼핑-건강식품-많이구매한BEST-주간-2026-06-01-12-03-53.xlsx
naver_shopping,종근당건강 프로메가 알티지 오메가3 듀얼 비타민d 4000iu,종근당건강 프로메가 알티지 오메가3 듀얼 비타민D 4000IU,건강식품,종근당건강,2,2,"naver_buy_daily, naver_buy_weekly","많이구매한BEST_일간, 많이구매한BEST_주간",1,19,27.5,67000,67000.0,6370,6370,4.9,4.9,,,36,19,네이버쇼핑-건강식품-많이구매한BEST-일간-2026-06-01-12-02-48.xlsx | 네이버쇼핑-건강식품-많이구매한BEST-주간-2026-06-01-12-03-53.xlsx
naver_shopping,마켓오래 유케어 200ml x 완전균형영양식,마켓오래 유케어 200ml x 24팩 (완전균형영양식),건강식품,마켓오래,2,2,"naver_buy_daily, naver_buy_weekly","많이구매한BEST_일간, 많이구매한BEST_주간",1,37,40.0,49000,49000.0,615,615,4.8,4.8,,,37,43,네이버쇼핑-건강식품-많이구매한BEST-일간-2026-06-01-12-02-48.xlsx | 네이버쇼핑-건강식품-많이구매한BEST-주간-2026-06-01-12-03-53.xlsx
naver_shopping,고려은단 식물성 퓨어 알티지 오메가3 기억력,"고려은단 식물성 퓨어 알티지 오메가3 기억력+ 60캡슐, 3개",건강식품,고려은단몰,2,2,"naver_buy_daily, naver_buy_weekly","많이구매한BEST_일간, 많이구매한BEST_주간",1,38,38.0,44900,44900.0,71385,71385,4.9,4.9,,,38,38,네이버쇼핑-건강식품-많이구매한BEST-일간-2026-06-01-12-02-48.xlsx | 네이버쇼핑-건강식품-많이구매한BEST-주간-2026-06-01-12-03-53.xlsx
naver_shopping,호관원 프리미엄 골드 이만기 홈쇼핑,호관원 프리미엄 골드 이만기 홈쇼핑 60포 1박스,건강식품,뚜두리빙,1,1,naver_buy_daily,많이구매한BEST_일간,0,39,39.0,265000,265000,701,701,4.8,4.8,,,39,,네이버쇼핑-건강식품-많이구매한BEST-일간-2026-06-01-12-02-48.xlsx
naver_shopping,락티브 활성형 엽산 800 non gmo 임산부 수유부 오은영 성분배합,[8개월분] 락티브 활성형 엽산 800 non-GMO 임산부 수유부 오은영 성분배합,건강식품,락티브,2,2,"naver_buy_daily, naver_buy_weekly","많이구매한BEST_일간, 많이구매한BEST_주간",1,40,50.0,72000,72000.0,12476,12476,4.9,4.9,,,40,60,네이버쇼핑-건강식품-많이구매한BEST-일간-2026-06-01-12-02-48.xlsx | 네이버쇼핑-건강식품-많이구매한BEST-주간-2026-06-01-12-03-53.xlsx
naver_shopping,고려은단 메가도스c 비타민c 2000mg x 200g,"고려은단 메가도스C 비타민C 2000mg X 100포 (200g), 2개",건강식품,고려은단몰,2,2,"naver_buy_daily, naver_buy_weekly","많이구매한BEST_일간, 많이구매한BEST_주간",1,34,37.5,35900,35900.0,31970,31970,4.9,4.9,,,41,34,네이버쇼핑-건강식품-많이구매한BEST-일간-2026-06-01-12-02-48.xlsx | 네이버쇼핑-건강식품-많이구매한BEST-주간-2026-06-01-12-03-53.xlsx
naver_shopping,고려은단 메가도스 이뮨샷 종합멀티비타민 아미노산 아르기닌,[네이버 단독]고려은단 메가도스 이뮨샷 30병 종합멀티비타민+아미노산+아르기닌,건강식품,고려은단몰,2,2,"naver_buy_daily, naver_buy_weekly","많이구매한BEST_일간, 많이구매한BEST_주간",1,42,54.0,54900,54900.0,30859,30859,4.9,4.9,,,42,66,네이버쇼핑-건강식품-많이구매한BEST-일간-2026-06-01-12-02-48.xlsx | 네이버쇼핑-건강식품-많이구매한BEST-주간-2026-06-01-12-03-53.xlsx
naver_shopping,종근당건강 프로메가 오메가3 트리플,종근당건강 프로메가 오메가3 트리플,건강식품,종근당건강,2,2,"naver_buy_daily, naver_buy_weekly","많이구매한BEST_일간, 많이구매한BEST_주간",1,44,62.5,58900,58900.0,30644,30644,4.9,4.9,,,44,81,네이버쇼핑-건강식품-많이구매한BEST-일간-2026-06-01-12-02-48.xlsx | 네이버쇼핑-건강식품-많이구매한BEST-주간-2026-06-01-12-03-53.xlsx
naver_shopping,센트룸 이뮨부스트 데일리 프로텍션c,센트룸 이뮨부스트 데일리 프로텍션C,건강식품,센트룸 공식스토어,1,1,naver_buy_daily,많이구매한BEST_일간,0,45,45.0,81000,81000,172,172,4.9,4.9,,,45,,네이버쇼핑-건강식품-많이구매한BEST-일간-2026-06-01-12-02-48.xlsx
naver_shopping,최신제조 독일pm쥬스 파워칵테일 리스토레이트 액티바이즈 피트라인 3종세트,(최신제조) 독일PM쥬스 파워칵테일 리스토레이트 액티바이즈 피트라인 3종세트,건강식품,순수를더하다,2,2,"naver_buy_daily, naver_buy_weekly","많이구매한BEST_일간, 많이구매한BEST_주간",1,46,60.5,123400,123400.0,3995,3995,4.9,4.9,,,46,75,네이버쇼핑-건강식품-많이구매한BEST-일간-2026-06-01-12-02-48.xlsx | 네이버쇼핑-건강식품-많이구매한BEST-주간-2026-06-01-12-03-53.xlsx
naver_shopping,사계명원 청명진액 best 칼슘마그네슘비타민d 녹용 특허성분 킬슘진액,사계명원 청명진액 BEST 4박스 60스틱 칼슘마그네슘비타민D 녹용 특허성분 킬슘진액,건강식품,사계명원,2,2,"naver_buy_daily, naver_buy_weekly","많이구매한BEST_일간, 많이구매한BEST_주간",1,47,67.5,106000,106000.0,523,523,4.7,4.7,,,47,88,네이버쇼핑-건강식품-많이구매한BEST-일간-2026-06-01-12-02-48.xlsx | 네이버쇼핑-건강식품-많이구매한BEST-주간-2026-06-01-12-03-53.xlsx
naver_shopping,종근당 비타민d 2000iu 임산부 성인 비타민d3,종근당 비타민d 2000iu 임산부 성인 비타민d3 3개월분,건강식품,비타헬스,2,2,"naver_buy_daily, naver_buy_weekly","많이구매한BEST_일간, 많이구매한BEST_주간",1,33,40.5,11900,11900.0,15234,15234,4.9,4.9,,,48,33,네이버쇼핑-건강식품-많이구매한BEST-일간-2026-06-01-12-02-48.xlsx | 네이버쇼핑-건강식품-많이구매한BEST-주간-2026-06-01-12-03-53.xlsx
naver_shopping,덴프스 덴마크 유산균 이야기 170mg,덴프스 덴마크 유산균 이야기 170mg 6박스 (12개월분),건강식품,BNKnet,2,2,"naver_buy_daily, naver_buy_weekly","많이구매한BEST_일간, 많이구매한BEST_주간",1,27,38.0,122500,122500.0,9474,9474,4.9,4.9,,,49,27,네이버쇼핑-건강식품-많이구매한BEST-일간-2026-06-01-12-02-48.xlsx | 네이버쇼핑-건강식품-많이구매한BEST-주간-2026-06-01-12-03-53.xlsx
naver_shopping,여에스더 유산균 골드 pro,여에스더 유산균 골드 Pro,건강식품,에스더포뮬러,2,2,"naver_buy_daily, naver_buy_weekly","많이구매한BEST_일간, 많이구매한BEST_주간",1,25,37.5,89000,89000.0,8866,8866,4.8,4.8,,,50,25,네이버쇼핑-건강식품-많이구매한BEST-일간-2026-06-01-12-02-48.xlsx | 네이버쇼핑-건강식품-많이구매한BEST-주간-2026-06-01-12-03-53.xlsx
naver_shopping,뉴케어 구수한맛 클래식 영양간식,뉴케어 구수한맛 클래식 1BOX + 영양간식,건강식품,대상웰라이프 본사쇼핑몰,2,2,"naver_buy_daily, naver_buy_weekly","많이구매한BEST_일간, 많이구매한BEST_주간",1,51,60.5,44990,44990.0,24238,24238,4.9,4.9,,,51,70,네이버쇼핑-건강식품-많이구매한BEST-일간-2026-06-01-12-02-48.xlsx | 네이버쇼핑-건강식품-많이구매한BEST-주간-2026-06-01-12-03-53.xlsx
naver_shopping,센트룸 실버 포 우먼 종합 멀티 비타민 영양제 비타민b12,센트룸 실버 포 우먼 종합 멀티 비타민 영양제 112정 비타민B12 대용량,건강식품,티에스shop,2,2,"naver_buy_daily, naver_buy_weekly","많이구매한BEST_일간, 많이구매한BEST_주간",1,42,47.0,35690,35690.0,10957,10957,4.8,4.8,,,52,42,네이버쇼핑-건강식품-많이구매한BEST-일간-2026-06-01-12-02-48.xlsx | 네이버쇼핑-건강식품-많이구매한BEST-주간-2026-06-01-12-03-53.xlsx
naver_shopping,고려은단 비타민c 1000 이지 비타민d,"고려은단 비타민C 1000 이지+비타민D 180정, 2개 (6개월분)",건강식품,고려은단몰,2,2,"naver_buy_daily, naver_buy_weekly","많이구매한BEST_일간, 많이구매한BEST_주간",1,32,42.5,29900,29900.0,99999,99999,4.9,4.9,,,53,32,네이버쇼핑-건강식품-많이구매한BEST-일간-2026-06-01-12-02-48.xlsx | 네이버쇼핑-건강식품-많이구매한BEST-주간-2026-06-01-12-03-53.xlsx
naver_shopping,슈퍼적립 솔티스 눈 프로텍션 프로s3 눈 건강,[슈퍼적립] 솔티스 눈 프로텍션 프로S3 3박스 눈 건강,건강식품,Soltice,2,2,"naver_buy_daily, naver_buy_weekly","많이구매한BEST_일간, 많이구매한BEST_주간",1,54,74.0,38700,38700.0,8809,8809,4.7,4.7,,,54,94,네이버쇼핑-건강식품-많이구매한BEST-일간-2026-06-01-12-02-48.xlsx | 네이버쇼핑-건강식품-많이구매한BEST-주간-2026-06-01-12-03-53.xlsx
naver_shopping,고려은단 멀티비타민 올인원 4종 택2,"고려은단 멀티비타민 올인원 60정 (4종 택2), 2개",건강식품,고려은단몰,2,2,"naver_buy_daily, naver_buy_weekly","많이구매한BEST_일간, 많이구매한BEST_주간",1,40,48.0,42900,42900.0,6597,6597,4.9,4.9,,,56,40,네이버쇼핑-건강식품-많이구매한BEST-일간-2026-06-01-12-02-48.xlsx | 네이버쇼핑-건강식품-많이구매한BEST-주간-2026-06-01-12-03-53.xlsx
naver_shopping,종근당 락토핏 생유산균 골드 20억 x,종근당 락토핏 생유산균 골드 150포 5개월분 20억 50포 x 3통,건강식품,우북이,2,2,"naver_buy_daily, naver_buy_weekly","많이구매한BEST_일간, 많이구매한BEST_주간",1,50,53.5,28900,28900.0,3371,3371,4.9,4.9,,,57,50,네이버쇼핑-건강식품-많이구매한BEST-일간-2026-06-01-12-02-48.xlsx | 네이버쇼핑-건강식품-많이구매한BEST-주간-2026-06-01-12-03-53.xlsx
naver_shopping,종근당 장건강프로젝트365 비피더스 유산균 100억,종근당 장건강프로젝트365 비피더스 유산균 100억,건강식품,종근당,1,1,naver_buy_daily,많이구매한BEST_일간,0,58,58.0,63900,63900,11060,11060,4.9,4.9,,,58,,네이버쇼핑-건강식품-많이구매한BEST-일간-2026-06-01-12-02-48.xlsx
naver_shopping,gnm 올리브오일 1000mg 유기농 엑스트라버진 올리브유,GNM 올리브오일 1000mg 30캡슐 5박스 / 유기농 엑스트라버진 올리브유,건강식품,GNM 자연의품격,2,2,"naver_buy_daily, naver_buy_weekly","많이구매한BEST_일간, 많이구매한BEST_주간",1,18,38.5,25900,25900.0,14482,14482,4.9,4.9,,,59,18,네이버쇼핑-건강식품-많이구매한BEST-일간-2026-06-01-12-02-48.xlsx | 네이버쇼핑-건강식품-많이구매한BEST-주간-2026-06-01-12-03-53.xlsx
naver_shopping,비엔날씬 비에날씬 프로 다이어트 유산균 모유유래 비엔알 bnr17 김희선,비엔날씬 비에날씬 프로 다이어트 유산균 모유유래 비엔알 BNR17 김희선,건강식품,영양닷컴,1,1,naver_buy_daily,많이구매한BEST_일간,0,60,60.0,41830,41830,640,640,4.7,4.7,,,60,,네이버쇼핑-건강식품-많이구매한BEST-일간-2026-06-01-12-02-48.xlsx
naver_shopping,안국약품 토비콤 루테인 지아잔틴 아스타잔틴 루지아,안국약품 토비콤 루테인 지아잔틴 아스타잔틴 루지아,건강식품,안국약품,2,2,"naver_buy_daily, naver_buy_weekly","많이구매한BEST_일간, 많이구매한BEST_주간",1,61,75.5,51000,51000.0,6328,6328,4.8,4.8,,,61,90,네이버쇼핑-건강식품-많이구매한BEST-일간-2026-06-01-12-02-48.xlsx | 네이버쇼핑-건강식품-많이구매한BEST-주간-2026-06-01-12-03-53.xlsx
naver_shopping,휴온스n 김정난 갱년기유산균yt1 메노락토 프로바이오틱스 프리미엄 징코,"[휴온스N] 김정난 갱년기유산균YT1 메노락토 프로바이오틱스 3개월분, 90캡슐 1박스+프리미엄 징코 12일분",건강식품,휴온스N,2,2,"naver_buy_daily, naver_buy_weekly","많이구매한BEST_일간, 많이구매한BEST_주간",1,62,69.5,128000,128000.0,41442,41442,4.8,4.8,,,62,77,네이버쇼핑-건강식품-많이구매한BEST-일간-2026-06-01-12-02-48.xlsx | 네이버쇼핑-건강식품-많이구매한BEST-주간-2026-06-01-12-03-53.xlsx
naver_shopping,고려은단 메가도스b 비타민b 컴플렉스,"고려은단 메가도스B 비타민B 컴플렉스 60정, 3개 (6개월분)",건강식품,고려은단몰,2,2,"naver_buy_daily, naver_buy_weekly","많이구매한BEST_일간, 많이구매한BEST_주간",1,63,71.0,47900,47900.0,34838,34838,4.9,4.9,,,63,79,네이버쇼핑-건강식품-많이구매한BEST-일간-2026-06-01-12-02-48.xlsx | 네이버쇼핑-건강식품-많이구매한BEST-주간-2026-06-01-12-03-53.xlsx
naver_shopping,혈액순환 진센큐 영양제 은행잎추출물 나토키나제 징코 혈행 기억력 뇌건강 키토나제12 효소 병풀잎 부원료,혈액순환 진센큐 영양제 4개월분 은행잎추출물 나토키나제 징코 혈행 기억력 뇌건강 키토나제12 효소 병풀잎(부원료),건강식품,바른뉴트리,1,1,naver_buy_daily,많이구매한BEST_일간,0,64,64.0,89000,89000,47316,47316,4.8,4.8,,,64,,네이버쇼핑-건강식품-많이구매한BEST-일간-2026-06-01-12-02-48.xlsx
naver_shopping,아이뮨랩 루마큐라 3개월,(본사공식) 아이뮨랩 루마큐라 3개월,건강식품,아이뮨랩,2,2,"naver_buy_daily, naver_buy_weekly","많이구매한BEST_일간, 많이구매한BEST_주간",1,58,61.5,119100,119100.0,420,420,4.7,4.7,,,65,58,네이버쇼핑-건강식품-많이구매한BEST-일간-2026-06-01-12-02-48.xlsx | 네이버쇼핑-건강식품-많이구매한BEST-주간-2026-06-01-12-03-53.xlsx
naver_shopping,총 이경제 흑염소 진액 진 엑기스 즙 이경재 국내산 70ml,(총 2박스 60포 2개월분) 이경제 흑염소 진액 진 엑기스 즙 이경재 국내산 리뉴얼 70ml,건강식품,홍동비책,1,1,naver_buy_daily,많이구매한BEST_일간,0,66,66.0,94900,94900,32246,32246,4.9,4.9,,,66,,네이버쇼핑-건강식품-많이구매한BEST-일간-2026-06-01-12-02-48.xlsx
naver_shopping,락토핏 플러스 듀얼바이오틱스 생유산균 코스트코 종근당 프로바이오틱스 장,락토핏 플러스 듀얼바이오틱스 생유산균 200포 코스트코 종근당 프로바이오틱스 장 대용량,건강식품,티에스shop,2,2,"naver_buy_daily, naver_buy_weekly","많이구매한BEST_일간, 많이구매한BEST_주간",1,67,69.0,31200,31200.0,9550,9550,4.8,4.8,,,67,71,네이버쇼핑-건강식품-많이구매한BEST-일간-2026-06-01-12-02-48.xlsx | 네이버쇼핑-건강식품-많이구매한BEST-주간-2026-06-01-12-03-53.xlsx
naver_shopping,암웨이 더블엑스 리필 종합 비타민 무기질,암웨이 더블엑스 리필 종합 비타민 무기질,건강식품,NATUREMARKET,2,2,"naver_buy_daily, naver_buy_weekly","많이구매한BEST_일간, 많이구매한BEST_주간",1,68,77.5,67500,67500.0,4308,4308,4.9,4.9,,,68,87,네이버쇼핑-건강식품-많이구매한BEST-일간-2026-06-01-12-02-48.xlsx | 네이버쇼핑-건강식품-많이구매한BEST-주간-2026-06-01-12-03-53.xlsx
naver_shopping,더리얼 캐나다 알티지 rtg 오메가3 맥스 1400 초임계 2개월 epa dha,더리얼 캐나다 알티지 rTG 오메가3 맥스 1400 초임계 2개월 EPA DHA,건강식품,The Real,2,2,"naver_buy_daily, naver_buy_weekly","많이구매한BEST_일간, 많이구매한BEST_주간",1,61,65.0,35900,35900.0,99999,99999,4.8,4.8,,,69,61,네이버쇼핑-건강식품-많이구매한BEST-일간-2026-06-01-12-02-48.xlsx | 네이버쇼핑-건강식품-많이구매한BEST-주간-2026-06-01-12-03-53.xlsx
naver_shopping,속편한 고려은단 비타민c 1000 중성비타민c,"속편한 고려은단 비타민C 1000 중성비타민C 120정, 2개 (8개월분)",건강식품,고려은단몰,2,2,"naver_buy_daily, naver_buy_weekly","많이구매한BEST_일간, 많이구매한BEST_주간",1,64,67.0,33900,33900.0,67529,67529,4.9,4.9,,,70,64,네이버쇼핑-건강식품-많이구매한BEST-일간-2026-06-01-12-02-48.xlsx | 네이버쇼핑-건강식품-많이구매한BEST-주간-2026-06-01-12-03-53.xlsx
naver_shopping,gnm 루테인 지아잔틴 아스타잔틴,"GNM 루테인 지아잔틴 아스타잔틴 30캡슐, 3개",건강식품,GNM 자연의품격,2,2,"naver_buy_daily, naver_buy_weekly","많이구매한BEST_일간, 많이구매한BEST_주간",1,71,74.5,36900,36900.0,47431,47431,4.9,4.9,,,71,78,네이버쇼핑-건강식품-많이구매한BEST-일간-2026-06-01-12-02-48.xlsx | 네이버쇼핑-건강식품-많이구매한BEST-주간-2026-06-01-12-03-53.xlsx
naver_shopping,솔티스 간 프로텍션 쉬잔세틴 개별인정원료,솔티스 간 프로텍션 쉬잔세틴 개별인정원료,건강식품,Soltice,2,2,"naver_buy_daily, naver_buy_weekly","많이구매한BEST_일간, 많이구매한BEST_주간",1,72,80.5,50700,50700.0,1145,1145,4.7,4.7,,,72,89,네이버쇼핑-건강식품-많이구매한BEST-일간-2026-06-01-12-02-48.xlsx | 네이버쇼핑-건강식품-많이구매한BEST-주간-2026-06-01-12-03-53.xlsx
naver_shopping,고려은단 코엔자임q10,"고려은단 코엔자임Q10 90캡슐, 2개 (6개월분)",건강식품,고려은단몰,2,2,"naver_buy_daily, naver_buy_weekly","많이구매한BEST_일간, 많이구매한BEST_주간",1,44,58.5,33900,33900.0,15459,15459,4.9,4.9,,,73,44,네이버쇼핑-건강식품-많이구매한BEST-일간-2026-06-01-12-02-48.xlsx | 네이버쇼핑-건강식품-많이구매한BEST-주간-2026-06-01-12-03-53.xlsx
naver_shopping,덕인가 저온 발효 황칠 뿌리 진액 명인황근 체험,덕인가 저온 발효 황칠 뿌리 진액 명인황근 30포 + 체험 1포,건강식품,덕인가,1,1,naver_buy_daily,많이구매한BEST_일간,0,74,74.0,198000,198000,968,968,4.8,4.8,,,74,,네이버쇼핑-건강식품-많이구매한BEST-일간-2026-06-01-12-02-48.xlsx
naver_shopping,ydy 폴라초임계오메가3 알티지오메가 고상온약사 성분배합,YDY 폴라초임계오메가3 알티지오메가 고상온약사 성분배합,건강식품,YDY뉴트리션,1,1,naver_buy_daily,많이구매한BEST_일간,0,75,75.0,89000,89000,17279,17279,4.9,4.9,,,75,,네이버쇼핑-건강식품-많이구매한BEST-일간-2026-06-01-12-02-48.xlsx
naver_shopping,총 gnm 칼슘 마그네슘 아연 비타민d x 칼마디,[총 9개월분] GNM 칼슘 마그네슘 아연 비타민D 90정 x 3병 / 칼마디,건강식품,GNM 자연의품격,2,2,"naver_buy_daily, naver_buy_weekly","많이구매한BEST_일간, 많이구매한BEST_주간",1,51,63.5,33900,33900.0,58056,58056,4.9,4.9,,,76,51,네이버쇼핑-건강식품-많이구매한BEST-일간-2026-06-01-12-02-48.xlsx | 네이버쇼핑-건강식품-많이구매한BEST-주간-2026-06-01-12-03-53.xlsx
naver_shopping,종근당건강 아이클리어 루테인 지아잔틴 아스타잔틴,종근당건강 아이클리어 루테인 지아잔틴 아스타잔틴,건강식품,종근당건강,2,2,"naver_buy_daily, naver_buy_weekly","많이구매한BEST_일간, 많이구매한BEST_주간",1,65,71.0,75000,75000.0,7841,7841,4.9,4.9,,,77,65,네이버쇼핑-건강식품-많이구매한BEST-일간-2026-06-01-12-02-48.xlsx | 네이버쇼핑-건강식품-많이구매한BEST-주간-2026-06-01-12-03-53.xlsx
naver_shopping,4 1 뉴트리코어 하이퍼셀 대마종자유 맥스 햄프씨드 오일 5개월,[4+1] 뉴트리코어 하이퍼셀 대마종자유 맥스 햄프씨드 오일 5개월,건강식품,뉴트리코어,1,1,naver_buy_daily,많이구매한BEST_일간,0,78,78.0,108000,108000,1511,1511,4.7,4.7,,,78,,네이버쇼핑-건강식품-많이구매한BEST-일간-2026-06-01-12-02-48.xlsx
naver_shopping,비토노 이왕재박사 메가 비타민c 2000mg 고함량 영국산 분말 비타민씨,비토노 이왕재박사 메가 비타민C 2000mg 고함량 영국산 분말 비타민씨,건강식품,비토노헬스케어,2,2,"naver_buy_daily, naver_buy_weekly","많이구매한BEST_일간, 많이구매한BEST_주간",1,79,80.5,65900,65900.0,34075,34075,4.9,4.9,,,79,82,네이버쇼핑-건강식품-많이구매한BEST-일간-2026-06-01-12-02-48.xlsx | 네이버쇼핑-건강식품-많이구매한BEST-주간-2026-06-01-12-03-53.xlsx
naver_shopping,센트룸 우먼 더블업,센트룸 우먼 더블업,건강식품,센트룸 공식스토어,1,1,naver_buy_daily,많이구매한BEST_일간,0,80,80.0,69000,69000,24944,24944,4.9,4.9,,,80,,네이버쇼핑-건강식품-많이구매한BEST-일간-2026-06-01-12-02-48.xlsx
naver_shopping,부스터워터 두드림 슬림웨이 카무트 브랜드밀 발효효소,🎁부스터워터 증정🎁 [두드림] 슬림웨이 카무트 브랜드밀 발효효소,건강식품,두드림공식스토어,1,1,naver_buy_daily,많이구매한BEST_일간,0,81,81.0,69900,69900,2248,2248,4.8,4.8,,,81,,네이버쇼핑-건강식품-많이구매한BEST-일간-2026-06-01-12-02-48.xlsx
naver_shopping,이태리산 유기농 대마종자유 냉압착 대마씨유,[이태리산] 유기농 대마종자유 냉압착 대마씨유 1병,건강식품,투오가닉,1,1,naver_buy_daily,많이구매한BEST_일간,0,82,82.0,21900,21900,1193,1193,4.8,4.8,,,82,,네이버쇼핑-건강식품-많이구매한BEST-일간-2026-06-01-12-02-48.xlsx
naver_shopping,고려은단 메가도스 비타민c 3000 고함량 비타민씨 영국산비타민c 가루 2개월,고려은단 메가도스 비타민C 3000 고함량 비타민씨 영국산비타민c 가루 2개월,건강식품,영양닷컴,2,2,"naver_buy_daily, naver_buy_weekly","많이구매한BEST_일간, 많이구매한BEST_주간",1,48,65.5,19430,19430.0,3124,3124,4.9,4.9,,,83,48,네이버쇼핑-건강식품-많이구매한BEST-일간-2026-06-01-12-02-48.xlsx | 네이버쇼핑-건강식품-많이구매한BEST-주간-2026-06-01-12-03-53.xlsx
naver_shopping,손흥민 pick 하루틴 리포좀 비타민c,[손흥민 PICK] 하루틴 리포좀 비타민C,건강식품,하루틴 공식스토어,2,2,"naver_buy_daily, naver_buy_weekly","많이구매한BEST_일간, 많이구매한BEST_주간",1,69,76.5,62900,62900.0,38515,38515,4.8,4.8,,,84,69,네이버쇼핑-건강식품-많이구매한BEST-일간-2026-06-01-12-02-48.xlsx | 네이버쇼핑-건강식품-많이구매한BEST-주간-2026-06-01-12-03-53.xlsx
naver_shopping,bnr17유산균 비엔날씬 비에날씬 프로 김희선 다이어트 유산균,BNR17유산균 비엔날씬 비에날씬 프로 김희선 다이어트 유산균,건강식품,뉴트라이트,1,1,naver_buy_daily,많이구매한BEST_일간,0,85,85.0,131300,131300,10187,10187,4.8,4.8,,,85,,네이버쇼핑-건강식품-많이구매한BEST-일간-2026-06-01-12-02-48.xlsx
naver_shopping,뉴트리원 이병헌 브레인 알파 피에스 포스파티딜세린 두 뇌 인지력,뉴트리원 이병헌 브레인 알파 피에스 포스파티딜세린 두 뇌 인지력,건강식품,뉴트리원공식스토어,1,1,naver_buy_daily,많이구매한BEST_일간,0,86,86.0,131900,131900,19821,19821,4.8,4.8,,,86,,네이버쇼핑-건강식품-많이구매한BEST-일간-2026-06-01-12-02-48.xlsx
naver_shopping,국내발송 자로우 펨 도피러스 업그레이드 여성 질유산균 팸 도필러스 재로우 임산부 변비,국내발송 자로우 펨 도피러스 업그레이드 60캡슐 여성 질유산균 팸 도필러스 재로우 임산부 변비,건강식품,레이놀즈코리아,2,2,"naver_buy_daily, naver_buy_weekly","많이구매한BEST_일간, 많이구매한BEST_주간",1,83,85.0,32900,32900.0,2656,2656,4.9,4.9,,,87,83,네이버쇼핑-건강식품-많이구매한BEST-일간-2026-06-01-12-02-48.xlsx | 네이버쇼핑-건강식품-많이구매한BEST-주간-2026-06-01-12-03-53.xlsx
naver_shopping,저스트글로우 알파리포산 r리포산 600mg 약4개월분 효능,저스트글로우 알파리포산 R리포산 600mg 120캡슐 약4개월분 효능,건강식품,뉴트리엄 캐나다,1,1,naver_buy_daily,많이구매한BEST_일간,0,88,88.0,42800,42800,345,345,4.8,4.8,,,88,,네이버쇼핑-건강식품-많이구매한BEST-일간-2026-06-01-12-02-48.xlsx
naver_shopping,센트룸 맨 더블업,센트룸 맨 더블업,건강식품,센트룸 공식스토어,1,1,naver_buy_daily,많이구매한BEST_일간,0,89,89.0,69000,69000,22354,22354,4.9,4.9,,,89,,네이버쇼핑-건강식품-많이구매한BEST-일간-2026-06-01-12-02-48.xlsx
naver_shopping,신신제약 미야리산u 낙산균 프로바이오틱스,[신신제약] 미야리산U 낙산균 프로바이오틱스,건강식품,신신제약 신신HL몰,2,2,"naver_buy_daily, naver_buy_weekly","많이구매한BEST_일간, 많이구매한BEST_주간",1,35,62.5,45000,45000.0,27878,27878,4.8,4.8,,,90,35,네이버쇼핑-건강식품-많이구매한BEST-일간-2026-06-01-12-02-48.xlsx | 네이버쇼핑-건강식품-많이구매한BEST-주간-2026-06-01-12-03-53.xlsx
naver_shopping,바이오크로스 남진 쏘팔코사놀 레드 옥타코사놀 쏘팔메토 골드,바이오크로스 남진 쏘팔코사놀 레드 4개월분 옥타코사놀 쏘팔메토 골드,건강식품,쏘팔코사놀,2,2,"naver_buy_daily, naver_buy_weekly","많이구매한BEST_일간, 많이구매한BEST_주간",1,68,79.5,120000,120000.0,13338,13338,4.8,4.8,,,91,68,네이버쇼핑-건강식품-많이구매한BEST-일간-2026-06-01-12-02-48.xlsx | 네이버쇼핑-건강식품-많이구매한BEST-주간-2026-06-01-12-03-53.xlsx
naver_shopping,디아이3 루테인 아스타잔틴 오메가3 눈건강,디아이3 루테인 아스타잔틴 오메가3 눈건강,건강식품,차이뉴트리,1,1,naver_buy_daily,많이구매한BEST_일간,0,92,92.0,59000,59000,4148,4148,4.9,4.9,,,92,,네이버쇼핑-건강식품-많이구매한BEST-일간-2026-06-01-12-02-48.xlsx
naver_shopping,두뇌엔 닥터 ps맥스 ps80 서울대 위바이옴 포스파티딜세린 영양제 두뇌,두뇌엔 닥터 PS맥스 PS80 서울대 위바이옴 포스파티딜세린 영양제 두뇌,건강식품,뉴트라이트,1,1,naver_buy_daily,많이구매한BEST_일간,0,93,93.0,227800,227800,1037,1037,4.8,4.8,,,93,,네이버쇼핑-건강식품-많이구매한BEST-일간-2026-06-01-12-02-48.xlsx
naver_shopping,서울대 위바이옴 두뇌엔 닥터ps 맥스 순도80 포스파티딜세린 분말,서울대 위바이옴 두뇌엔 닥터PS 맥스 순도80% 포스파티딜세린 분말,건강식품,위바이옴,2,2,"naver_buy_daily, naver_buy_weekly","많이구매한BEST_일간, 많이구매한BEST_주간",1,46,70.0,199000,199000.0,7687,7687,4.9,4.9,,,94,46,네이버쇼핑-건강식품-많이구매한BEST-일간-2026-06-01-12-02-48.xlsx | 네이버쇼핑-건강식품-많이구매한BEST-주간-2026-06-01-12-03-53.xlsx
naver_shopping,유통기한 27년 1월 멀티비타민 오쏘몰 바이탈 m 쇼핑백 총,(유통기한 27년 1월) 멀티비타민 오쏘몰 바이탈 M 7일분 4박스 + 1일분 2개 + 쇼핑백 총 30일분,건강식품,동아제약,1,1,naver_buy_daily,많이구매한BEST_일간,0,95,95.0,83000,83000,6197,6197,4.9,4.9,,,95,,네이버쇼핑-건강식품-많이구매한BEST-일간-2026-06-01-12-02-48.xlsx
naver_shopping,비타바움 멀티비타민키즈 v complex15,[비타바움] 멀티비타민키즈 + V - Complex15 (30일분),건강식품,컬리N마트,1,1,naver_buy_daily,많이구매한BEST_일간,0,96,96.0,95200,95200,45,45,4.9,4.9,,,96,,네이버쇼핑-건강식품-많이구매한BEST-일간-2026-06-01-12-02-48.xlsx
naver_shopping,오쏘몰 이뮨 멀티비타민 동아제약 고급 쇼핑백,오쏘몰 이뮨 멀티비타민 30일분 동아제약 국내배송 고급 쇼핑백,건강식품,JUNE.MARKET,2,2,"naver_buy_daily, naver_buy_weekly","많이구매한BEST_일간, 많이구매한BEST_주간",1,62,79.5,77900,77900.0,696,696,4.9,4.9,,,97,62,네이버쇼핑-건강식품-많이구매한BEST-일간-2026-06-01-12-02-48.xlsx | 네이버쇼핑-건강식품-많이구매한BEST-주간-2026-06-01-12-03-53.xlsx
naver_shopping,헤라클레스 엑스퍼트 알래스카 알티지 오메가3,헤라클레스 엑스퍼트 알래스카 알티지 오메가3,건강식품,HERACLES,1,1,naver_buy_daily,많이구매한BEST_일간,0,98,98.0,79800,79800,7750,7750,4.9,4.9,,,98,,네이버쇼핑-건강식품-많이구매한BEST-일간-2026-06-01-12-02-48.xlsx
naver_shopping,솔가 철분제 25,솔가 철분제 25,건강식품,솔가 공식스토어,1,1,naver_buy_daily,많이구매한BEST_일간,0,99,99.0,25200,25200,30819,30819,4.9,4.9,,,99,,네이버쇼핑-건강식품-많이구매한BEST-일간-2026-06-01-12-02-48.xlsx
naver_shopping,락티브 식물성 멜라토닌 2mg 함유 멜라드림,[6개월분] 락티브 식물성 멜라토닌 2mg 함유 멜라드림,건강식품,락티브,2,2,"naver_buy_daily, naver_buy_weekly","많이구매한BEST_일간, 많이구매한BEST_주간",1,49,74.5,49000,49000.0,41629,41629,4.7,4.7,,,100,49,네이버쇼핑-건강식품-많이구매한BEST-일간-2026-06-01-12-02-48.xlsx | 네이버쇼핑-건강식품-많이구매한BEST-주간-2026-06-01-12-03-53.xlsx
naver_shopping,장사의신 장신몰 홍삼진액 6년근 국산 홍삼 농축액 스틱 선물세트 활력의신 12g,[장사의신 장신몰] 홍삼진액 6년근 국산 홍삼 농축액 스틱 선물세트 활력의신 12g 30포,건강식품,장사의신몰,1,1,naver_buy_weekly,많이구매한BEST_주간,0,10,10.0,21900,21900,2188,2188,4.9,4.9,,,,10,네이버쇼핑-건강식품-많이구매한BEST-주간-2026-06-01-12-03-53.xlsx
naver_shopping,슈퍼적립 cj 바이오코어 500억 보장 부자 화사 유산균 상온보관 프로바이오틱스,[슈퍼적립 / 6개월분] CJ 바이오코어 500억 보장 부자 화사 유산균 상온보관 프로바이오틱스,건강식품,CJ웰케어 스토어,1,1,naver_buy_weekly,많이구매한BEST_주간,0,24,24.0,169000,169000,57040,57040,4.9,4.9,,,,24,네이버쇼핑-건강식품-많이구매한BEST-주간-2026-06-01-12-03-53.xlsx
naver_shopping,멀티비타민 오쏘몰 이뮨 비타민 쇼핑백 이뮨샷,멀티비타민 오쏘몰 이뮨 비타민 30일분 + 쇼핑백 이뮨샷,건강식품,동아제약,1,1,naver_buy_weekly,많이구매한BEST_주간,0,31,31.0,104000,104000,87972,87972,4.9,4.9,,,,31,네이버쇼핑-건강식품-많이구매한BEST-주간-2026-06-01-12-03-53.xlsx
naver_shopping,식물성캡슐 gnm 코엔자임q10 비타민 미네랄 10종 코큐텐,[식물성캡슐] GNM 코엔자임Q10 비타민 미네랄 10종 4박스 / 코큐텐,건강식품,GNM 자연의품격,1,1,naver_buy_weekly,많이구매한BEST_주간,0,41,41.0,29800,29800,82818,82818,4.8,4.8,,,,41,네이버쇼핑-건강식품-많이구매한BEST-주간-2026-06-01-12-03-53.xlsx
naver_shopping,gnm 올인원 뉴트리션 멀티비타민 종합비타민,"GNM 올인원 뉴트리션 멀티비타민 30개입, 1개 / 종합비타민",건강식품,GNM 자연의품격,1,1,naver_buy_weekly,많이구매한BEST_주간,0,45,45.0,36900,36900,42115,42115,4.9,4.9,,,,45,네이버쇼핑-건강식품-많이구매한BEST-주간-2026-06-01-12-03-53.xlsx
naver_shopping,킹 프리미엄 프로바이오틱스 모유 생 유산균 500mg x,킹 프리미엄 프로바이오틱스 모유 생 유산균 500mg x 60캡슐 2개월분,건강식품,샵인터내셔널,1,1,naver_buy_weekly,많이구매한BEST_주간,0,54,54.0,24800,24800,99999,99999,4.8,4.8,,,,54,네이버쇼핑-건강식품-많이구매한BEST-주간-2026-06-01-12-03-53.xlsx
naver_shopping,유한양행 엘레나 질유산균 임산부 수유부 프로바이오틱스,유한양행 엘레나 질유산균 임산부 수유부 프로바이오틱스,건강식품,유한양행 본사직영몰,1,1,naver_buy_weekly,많이구매한BEST_주간,0,55,55.0,70000,70000,99999,99999,4.9,4.9,,,,55,네이버쇼핑-건강식품-많이구매한BEST-주간-2026-06-01-12-03-53.xlsx
naver_shopping,유니시티 바이오스 라이프 이에너지 e 에너지 멀티비타민 9g,유니시티 바이오스 라이프 이에너지 E 에너지 멀티비타민 9g,건강식품,헬스네이션,1,1,naver_buy_weekly,많이구매한BEST_주간,0,67,67.0,90900,90900,11943,11943,4.8,4.8,,,,67,네이버쇼핑-건강식품-많이구매한BEST-주간-2026-06-01-12-03-53.xlsx
naver_shopping,순담록 녹용 진액 직장인 노인 청소년 아이 어린이 녹용 즙,순담록 녹용 진액 30포 직장인 노인 청소년 아이 어린이 녹용 즙,건강식품,다모아백화점,1,1,naver_buy_weekly,많이구매한BEST_주간,0,72,72.0,139000,139000,3560,3560,4.8,4.8,,,,72,네이버쇼핑-건강식품-많이구매한BEST-주간-2026-06-01-12-03-53.xlsx
naver_shopping,종근당 눈 루테인 지아잔틴 아스타잔틴 영양제,종근당 눈 루테인 지아잔틴 아스타잔틴 영양제 2개월분,건강식품,비타헬스,1,1,naver_buy_weekly,많이구매한BEST_주간,0,74,74.0,28500,28500,1797,1797,4.8,4.8,,,,74,네이버쇼핑-건강식품-많이구매한BEST-주간-2026-06-01-12-03-53.xlsx
naver_shopping,락티브 미오이노시톨 앤 콜린 엽산 비타민c 비타민d,[4개월분] 락티브 미오이노시톨 앤 콜린 엽산 비타민c 비타민d,건강식품,락티브,1,1,naver_buy_weekly,많이구매한BEST_주간,0,80,80.0,117000,117000,31488,31488,4.9,4.9,,,,80,네이버쇼핑-건강식품-많이구매한BEST-주간-2026-06-01-12-03-53.xlsx
naver_shopping,5개월 뉴트리코어 관절연골엔 철갑상어 콘드로이친k 뮤코다당단백 저분자 wcs,[5개월] 뉴트리코어 관절연골엔 철갑상어 콘드로이친K 뮤코다당단백 저분자 WCS,건강식품,뉴트리코어,1,1,naver_buy_weekly,많이구매한BEST_주간,0,84,84.0,276000,276000,26658,26658,4.8,4.8,,,,84,네이버쇼핑-건강식품-많이구매한BEST-주간-2026-06-01-12-03-53.xlsx
naver_shopping,활기담 풍천 장어즙 장어 잔액 엑기스,활기담 풍천 장어즙 장어 잔액 엑기스 30포,건강식품,아몽제이,1,1,naver_buy_weekly,많이구매한BEST_주간,0,85,85.0,129000,129000,4876,4876,4.9,4.9,,,,85,네이버쇼핑-건강식품-많이구매한BEST-주간-2026-06-01-12-03-53.xlsx
naver_shopping,고려은단 퓨어 밀크씨슬,"고려은단 퓨어 밀크씨슬 180정, 1개 (6개월분)",건강식품,고려은단몰,1,1,naver_buy_weekly,많이구매한BEST_주간,0,86,86.0,24900,24900,42551,42551,4.9,4.9,,,,86,네이버쇼핑-건강식품-많이구매한BEST-주간-2026-06-01-12-03-53.xlsx
naver_shopping,2 1 똑키즈 오메가3 어린이 아기 오메가3 맛보기 젤리 1680mgx30개,2+1 똑키즈 오메가3 어린이 아기 오메가3+맛보기 젤리 1680mgx30개,건강식품,GOODing,1,1,naver_buy_weekly,많이구매한BEST_주간,0,91,91.0,80400,80400,12707,12707,4.9,4.9,,,,91,네이버쇼핑-건강식품-많이구매한BEST-주간-2026-06-01-12-03-53.xlsx
naver_shopping,닥터파이토 덴티백 구강유산균 blis m18 프로바이오틱스 잇몸 입속,"닥터파이토 덴티백 구강유산균 BLIS M18 프로바이오틱스, 잇몸, 입속",건강식품,닥터파이토,1,1,naver_buy_weekly,많이구매한BEST_주간,0,92,92.0,123000,123000,8821,8821,4.8,4.8,,,,92,네이버쇼핑-건강식품-많이구매한BEST-주간-2026-06-01-12-03-53.xlsx
naver_shopping,종근당 칼마디 칼슘 마그네슘 비타민d 아연 영양제 임산부,종근당 칼마디 칼슘 마그네슘 비타민d 아연 영양제 임산부 3개월분,건강식품,비타헬스,1,1,naver_buy_weekly,많이구매한BEST_주간,0,93,93.0,15900,15900,4471,4471,4.9,4.9,,,,93,네이버쇼핑-건강식품-많이구매한BEST-주간-2026-06-01-12-03-53.xlsx
naver_shopping,닥터린 관절엔 dem 디이엠 플러스 난막,닥터린 관절엔 DEM 디이엠 플러스 1개월분 난막,건강식품,닥터린 공식스토어,1,1,naver_buy_weekly,많이구매한BEST_주간,0,97,97.0,63000,63000,35,35,4.8,4.8,,,,97,네이버쇼핑-건강식품-많이구매한BEST-주간-2026-06-01-12-03-53.xlsx
naver_shopping,뉴트리원 이병헌 콘드로이친 맥스 1200 소 연골 유래,뉴트리원 이병헌 콘드로이친 맥스 1200 소 연골 유래,건강식품,뉴트리원공식스토어,1,1,naver_buy_weekly,많이구매한BEST_주간,0,98,98.0,99000,99000,31621,31621,4.8,4.8,,,,98,네이버쇼핑-건강식품-많이구매한BEST-주간-2026-06-01-12-03-53.xlsx
naver_shopping,위드바인 비타민c 3000mg,위드바인 비타민C 3000mg,건강식품,위드바인 스토어,1,1,naver_buy_weekly,많이구매한BEST_주간,0,99,99.0,46900,46900,7539,7539,4.9,4.9,,,,99,네이버쇼핑-건강식품-많이구매한BEST-주간-2026-06-01-12-03-53.xlsx
naver_shopping,3개월 닥터린 관절엔 dem 디이엠 플러스 난막,[3개월] 닥터린 관절엔 DEM 디이엠 플러스 난막,건강식품,닥터린 공식스토어,1,1,naver_buy_weekly,많이구매한BEST_주간,0,100,100.0,177000,177000,48,48,4.7,4.7,,,,100,네이버쇼핑-건강식품-많이구매한BEST-주간-2026-06-01-12-03-53.xlsx
